subject,specKey,mainTopicTitle,leafTopicTitle,topicSlug,topicKey,pathTitles,mcq_target,mcq_done,short_target,short_done,flashcard_target,flashcard_done,examq_target,examq_done,status,owner,notes,last_updated
Biology,aqa-gcse-biology,Cell Biology,Cell structure,cell-structure,aqa-gcse-biology:cell-structure,Cell Biology > Cell structure,10,0,5,0,10,0,2,0,NOT_STARTED,,,
Biology,aqa-gcse-biology,Cell Biology,Animal and plant cells,animal-plant-cells,aqa-gcse-biology:animal-plant-cells,Cell Biology > Animal and plant cells,10,0,5,0,10,0,2,0,NOT_STARTED,,,
Biology,aqa-gcse-biology,Cell Biology,Eukaryotes and prokaryotes,eukaryotes-prokaryotes,aqa-gcse-biology:eukaryotes-prokaryotes,Cell Biology > Eukaryotes and prokaryotes,10,0,5,0,10,0,2,0,NOT_STARTED,,,
Biology,aqa-gcse-biology,Cell Biology,Cell specialisation,cell-specialisation,aqa-gcse-biology:cell-specialisation,Cell Biology > Cell specialisation,10,0,5,0,10,0,2,0,NOT_STARTED,,,
Biology,aqa-gcse-biology,Cell Biology,Cell differentiation,cell-differentiation,aqa-gcse-biology:cell-differentiation,Cell Biology > Cell differentiation,10,0,5,0,10,0,2,0,NOT_STARTED,,,
Biology,aqa-gcse-biology,Cell Biology,Microscopy,microscopy,aqa-gcse-biology:microscopy,Cell Biology > Microscopy,10,0,5,0,10,0,2,0,NOT_STARTED,,,
Biology,aqa-gcse-biology,Cell Biology,Required Practical: Microscopy,rp-microscopy,aqa-gcse-biology:rp-microscopy,Cell Biology > Required Practical: Microscopy,10,0,5,0,10,0,2,0,NOT_STARTED,,,
Biology,aqa-gcse-biology,Cell Biology,Cell Division,cell-division,aqa-gcse-biology:cell-division,Cell Biology > Cell Division,10,0,5,0,10,0,2,0,NOT_STARTED,,,
Biology,aqa-gcse-biology,Cell Biology,Chromosomes,chromosomes,aqa-gcse-biology:chromosomes,Cell Biology > Chromosomes,10,0,5,0,10,0,2,0,NOT_STARTED,,,
Biology,aqa-gcse-biology,Cell Biology,Mitosis and the cell cycle,mitosis-cell-cycle,aqa-gcse-biology:mitosis-cell-cycle,Cell Biology > Mitosis and the cell cycle,10,0,5,0,10,0,2,0,NOT_STARTED,,,
Biology,aqa-gcse-biology,Cell Biology,Stem cells,stem-cells,aqa-gcse-biology:stem-cells,Cell Biology > Stem cells,10,0,5,0,10,0,2,0,NOT_STARTED,,,
Biology,aqa-gcse-biology,Cell Biology,Transport in Cells,transport-in-cells,aqa-gcse-biology:transport-in-cells,Cell Biology > Transport in Cells,10,0,5,0,10,0,2,0,NOT_STARTED,,,
Biology,aqa-gcse-biology,Cell Biology,Diffusion,diffusion,aqa-gcse-biology:diffusion,Cell Biology > Diffusion,10,0,5,0,10,0,2,0,NOT_STARTED,,,
Biology,aqa-gcse-biology,Cell Biology,Factors that affect diffusion,factors-affect-diffusion,aqa-gcse-biology:factors-affect-diffusion,Cell Biology > Factors that affect diffusion,10,0,5,0,10,0,2,0,NOT_STARTED,,,
Biology,aqa-gcse-biology,Cell Biology,Osmosis,osmosis,aqa-gcse-biology:osmosis,Cell Biology > Osmosis,10,0,5,0,10,0,2,0,NOT_STARTED,,,
Biology,aqa-gcse-biology,Cell Biology,Required Practical: Osmosis,rp-osmosis,aqa-gcse-biology:rp-osmosis,Cell Biology > Required Practical: Osmosis,10,0,5,0,10,0,2,0,NOT_STARTED,,,
Biology,aqa-gcse-biology,Cell Biology,Active transport,active-transport,aqa-gcse-biology:active-transport,Cell Biology > Active transport,10,0,5,0,10,0,2,0,NOT_STARTED,,,
Biology,aqa-gcse-biology,Cell Biology,Diffusion in multicellular organisms,diffusion-multicellular,aqa-gcse-biology:diffusion-multicellular,Cell Biology > Diffusion in multicellular organisms,10,0,5,0,10,0,2,0,NOT_STARTED,,,
Biology,aqa-gcse-biology,Cell Biology,Transport summary and applications,transport-summary,aqa-gcse-biology:transport-summary,Cell Biology > Transport summary and applications,10,0,5,0,10,0,2,0,NOT_STARTED,,,
Biology,aqa-gcse-biology,Cell Biology,Culturing microorganisms,culturing-microorganisms,aqa-gcse-biology:culturing-microorganisms,Cell Biology > Culturing microorganisms,10,0,5,0,10,0,2,0,NOT_STARTED,,,
Biology,aqa-gcse-biology,Cell Biology,Required Practical: Growth,rp-growth,aqa-gcse-biology:rp-growth,Cell Biology > Required Practical: Growth,10,0,5,0,10,0,2,0,NOT_STARTED,,,
Biology,aqa-gcse-biology,Organisation,Principles of organisation,principles-of-organisation,aqa-gcse-biology:principles-of-organisation,Organisation > Principles of organisation,10,0,5,0,10,0,2,0,NOT_STARTED,,,
Biology,aqa-gcse-biology,Organisation,Digestive system,digestive-system,aqa-gcse-biology:digestive-system,Organisation > Digestive system,10,0,5,0,10,0,2,0,NOT_STARTED,,,
Biology,aqa-gcse-biology,Organisation,Enzymes,enzymes,aqa-gcse-biology:enzymes,Organisation > Enzymes,10,0,5,0,10,0,2,0,NOT_STARTED,,,
Biology,aqa-gcse-biology,Organisation,Required Practical: Enzymes,rp-enzymes,aqa-gcse-biology:rp-enzymes,Organisation > Required Practical: Enzymes,10,0,5,0,10,0,2,0,NOT_STARTED,,,
Biology,aqa-gcse-biology,Organisation,Circulatory system,circulatory-system,aqa-gcse-biology:circulatory-system,Organisation > Circulatory system,10,0,5,0,10,0,2,0,NOT_STARTED,,,
Biology,aqa-gcse-biology,Organisation,Heart,heart,aqa-gcse-biology:heart,Organisation > Heart,10,0,5,0,10,0,2,0,NOT_STARTED,,,
Biology,aqa-gcse-biology,Organisation,Blood vessels and blood,blood-vessels-blood,aqa-gcse-biology:blood-vessels-blood,Organisation > Blood vessels and blood,10,0,5,0,10,0,2,0,NOT_STARTED,,,
Biology,aqa-gcse-biology,Organisation,Coronary heart disease,coronary-heart-disease,aqa-gcse-biology:coronary-heart-disease,Organisation > Coronary heart disease,10,0,5,0,10,0,2,0,NOT_STARTED,,,
Biology,aqa-gcse-biology,Organisation,Health and disease,health-disease,aqa-gcse-biology:health-disease,Organisation > Health and disease,10,0,5,0,10,0,2,0,NOT_STARTED,,,
Biology,aqa-gcse-biology,Organisation,Non-communicable diseases,non-communicable-diseases,aqa-gcse-biology:non-communicable-diseases,Organisation > Non-communicable diseases,10,0,5,0,10,0,2,0,NOT_STARTED,,,
Biology,aqa-gcse-biology,Organisation,Cancer,cancer,aqa-gcse-biology:cancer,Organisation > Cancer,10,0,5,0,10,0,2,0,NOT_STARTED,,,
Biology,aqa-gcse-biology,Organisation,Plant cell organisation,plant-cell-organisation,aqa-gcse-biology:plant-cell-organisation,Organisation > Plant cell organisation,10,0,5,0,10,0,2,0,NOT_STARTED,,,
Biology,aqa-gcse-biology,Organisation,Transport in plants,transport-in-plants,aqa-gcse-biology:transport-in-plants,Organisation > Transport in plants,10,0,5,0,10,0,2,0,NOT_STARTED,,,
Biology,aqa-gcse-biology,Organisation,Transpiration and stomata,transpiration-stomata,aqa-gcse-biology:transpiration-stomata,Organisation > Transpiration and stomata,10,0,5,0,10,0,2,0,NOT_STARTED,,,
Biology,aqa-gcse-biology,Organisation,Required Practical: Plant transport,rp-plant-transport,aqa-gcse-biology:rp-plant-transport,Organisation > Required Practical: Plant transport,10,0,5,0,10,0,2,0,NOT_STARTED,,,
Biology,aqa-gcse-biology,Infection and Response,Communicable disease,communicable-disease,aqa-gcse-biology:communicable-disease,Infection and Response > Communicable disease,10,0,5,0,10,0,2,0,NOT_STARTED,,,
Biology,aqa-gcse-biology,Infection and Response,Viral diseases,viral-diseases,aqa-gcse-biology:viral-diseases,Infection and Response > Viral diseases,10,0,5,0,10,0,2,0,NOT_STARTED,,,
Biology,aqa-gcse-biology,Infection and Response,Bacterial diseases,bacterial-diseases,aqa-gcse-biology:bacterial-diseases,Infection and Response > Bacterial diseases,10,0,5,0,10,0,2,0,NOT_STARTED,,,
Biology,aqa-gcse-biology,Infection and Response,Fungal and protist diseases,fungal-protist-diseases,aqa-gcse-biology:fungal-protist-diseases,Infection and Response > Fungal and protist diseases,10,0,5,0,10,0,2,0,NOT_STARTED,,,
Biology,aqa-gcse-biology,Infection and Response,Human defence systems,human-defence-systems,aqa-gcse-biology:human-defence-systems,Infection and Response > Human defence systems,10,0,5,0,10,0,2,0,NOT_STARTED,,,
Biology,aqa-gcse-biology,Infection and Response,Vaccination,vaccination,aqa-gcse-biology:vaccination,Infection and Response > Vaccination,10,0,5,0,10,0,2,0,NOT_STARTED,,,
Biology,aqa-gcse-biology,Infection and Response,Antibiotics and painkillers,antibiotics-painkillers,aqa-gcse-biology:antibiotics-painkillers,Infection and Response > Antibiotics and painkillers,10,0,5,0,10,0,2,0,NOT_STARTED,,,
Biology,aqa-gcse-biology,Infection and Response,Drug development,drug-development,aqa-gcse-biology:drug-development,Infection and Response > Drug development,10,0,5,0,10,0,2,0,NOT_STARTED,,,
Biology,aqa-gcse-biology,Infection and Response,Monoclonal antibodies,monoclonal-antibodies,aqa-gcse-biology:monoclonal-antibodies,Infection and Response > Monoclonal antibodies,10,0,5,0,10,0,2,0,NOT_STARTED,,,
Biology,aqa-gcse-biology,Infection and Response,Required Practical: Microbiology,rp-microbiology,aqa-gcse-biology:rp-microbiology,Infection and Response > Required Practical: Microbiology,10,0,5,0,10,0,2,0,NOT_STARTED,,,
Biology,aqa-gcse-biology,Infection and Response,Plant disease,plant-disease,aqa-gcse-biology:plant-disease,Infection and Response > Plant disease,10,0,5,0,10,0,2,0,NOT_STARTED,,,
Biology,aqa-gcse-biology,Bioenergetics,Photosynthesis,photosynthesis,aqa-gcse-biology:photosynthesis,Bioenergetics > Photosynthesis,10,0,5,0,10,0,2,0,NOT_STARTED,,,
Biology,aqa-gcse-biology,Bioenergetics,Required Practical: Photosynthesis,rp-photosynthesis,aqa-gcse-biology:rp-photosynthesis,Bioenergetics > Required Practical: Photosynthesis,10,0,5,0,10,0,2,0,NOT_STARTED,,,
Biology,aqa-gcse-biology,Bioenergetics,Respiration,respiration,aqa-gcse-biology:respiration,Bioenergetics > Respiration,10,0,5,0,10,0,2,0,NOT_STARTED,,,
Biology,aqa-gcse-biology,Bioenergetics,Metabolism,metabolism,aqa-gcse-biology:metabolism,Bioenergetics > Metabolism,10,0,5,0,10,0,2,0,NOT_STARTED,,,
Biology,aqa-gcse-biology,Bioenergetics,Response to exercise,response-to-exercise,aqa-gcse-biology:response-to-exercise,Bioenergetics > Response to exercise,10,0,5,0,10,0,2,0,NOT_STARTED,,,
Biology,aqa-gcse-biology,Homeostasis and Response,Homeostasis,homeostasis,aqa-gcse-biology:homeostasis,Homeostasis and Response > Homeostasis,10,0,5,0,10,0,2,0,NOT_STARTED,,,
Biology,aqa-gcse-biology,Homeostasis and Response,The nervous system,nervous-system,aqa-gcse-biology:nervous-system,Homeostasis and Response > The nervous system,10,0,5,0,10,0,2,0,NOT_STARTED,,,
Biology,aqa-gcse-biology,Homeostasis and Response,Structure and function of the nervous system,nervous-system-structure,aqa-gcse-biology:nervous-system-structure,Homeostasis and Response > Structure and function of the nervous system,10,0,5,0,10,0,2,0,NOT_STARTED,,,
Biology,aqa-gcse-biology,Homeostasis and Response,The reflex arc,reflex-arc,aqa-gcse-biology:reflex-arc,Homeostasis and Response > The reflex arc,10,0,5,0,10,0,2,0,NOT_STARTED,,,
Biology,aqa-gcse-biology,Homeostasis and Response,Required Practical: Reaction time,rp-reaction-time,aqa-gcse-biology:rp-reaction-time,Homeostasis and Response > Required Practical: Reaction time,10,0,5,0,10,0,2,0,NOT_STARTED,,,
Biology,aqa-gcse-biology,Homeostasis and Response,The brain,the-brain,aqa-gcse-biology:the-brain,Homeostasis and Response > The brain,10,0,5,0,10,0,2,0,NOT_STARTED,,,
Biology,aqa-gcse-biology,Homeostasis and Response,The eye,the-eye,aqa-gcse-biology:the-eye,Homeostasis and Response > The eye,10,0,5,0,10,0,2,0,NOT_STARTED,,,
Biology,aqa-gcse-biology,Homeostasis and Response,Control of body temperature,control-body-temperature,aqa-gcse-biology:control-body-temperature,Homeostasis and Response > Control of body temperature,10,0,5,0,10,0,2,0,NOT_STARTED,,,
Biology,aqa-gcse-biology,Homeostasis and Response,Human endocrine system,human-endocrine-system,aqa-gcse-biology:human-endocrine-system,Homeostasis and Response > Human endocrine system,10,0,5,0,10,0,2,0,NOT_STARTED,,,
Biology,aqa-gcse-biology,Homeostasis and Response,Control of blood glucose concentration,control-blood-glucose,aqa-gcse-biology:control-blood-glucose,Homeostasis and Response > Control of blood glucose concentration,10,0,5,0,10,0,2,0,NOT_STARTED,,,
Biology,aqa-gcse-biology,Homeostasis and Response,Diabetes,diabetes,aqa-gcse-biology:diabetes,Homeostasis and Response > Diabetes,10,0,5,0,10,0,2,0,NOT_STARTED,,,
Biology,aqa-gcse-biology,Homeostasis and Response,Maintaining water and nitrogen balance,water-nitrogen-balance,aqa-gcse-biology:water-nitrogen-balance,Homeostasis and Response > Maintaining water and nitrogen balance,10,0,5,0,10,0,2,0,NOT_STARTED,,,
Biology,aqa-gcse-biology,Homeostasis and Response,Hormones in human reproduction,hormones-human-reproduction,aqa-gcse-biology:hormones-human-reproduction,Homeostasis and Response > Hormones in human reproduction,10,0,5,0,10,0,2,0,NOT_STARTED,,,
Biology,aqa-gcse-biology,Homeostasis and Response,Contraception,contraception,aqa-gcse-biology:contraception,Homeostasis and Response > Contraception,10,0,5,0,10,0,2,0,NOT_STARTED,,,
Biology,aqa-gcse-biology,Homeostasis and Response,Uses of hormones to treat infertility,hormones-treat-infertility,aqa-gcse-biology:hormones-treat-infertility,Homeostasis and Response > Uses of hormones to treat infertility,10,0,5,0,10,0,2,0,NOT_STARTED,,,
Biology,aqa-gcse-biology,Homeostasis and Response,Plant hormones,plant-hormones,aqa-gcse-biology:plant-hormones,Homeostasis and Response > Plant hormones,10,0,5,0,10,0,2,0,NOT_STARTED,,,
Biology,aqa-gcse-biology,Homeostasis and Response,Uses of plant hormones,uses-plant-hormones,aqa-gcse-biology:uses-plant-hormones,Homeostasis and Response > Uses of plant hormones,10,0,5,0,10,0,2,0,NOT_STARTED,,,
Biology,aqa-gcse-biology,Homeostasis and Response,Required Practical: Plant growth,rp-plant-growth,aqa-gcse-biology:rp-plant-growth,Homeostasis and Response > Required Practical: Plant growth,10,0,5,0,10,0,2,0,NOT_STARTED,,,
Biology,aqa-gcse-biology,Homeostasis and Response,Negative feedback,negative-feedback,aqa-gcse-biology:negative-feedback,Homeostasis and Response > Negative feedback,10,0,5,0,10,0,2,0,NOT_STARTED,,,
Biology,aqa-gcse-biology,"Inheritance, Variation and Evolution",,Sexual and asexual reproduction,sexual-asexual-reproduction,aqa-gcse-biology:sexual-asexual-reproduction,10,0,5,0,10,0,2,0,NOT_STARTED,,,
Biology,aqa-gcse-biology,"Inheritance, Variation and Evolution",,Meiosis,meiosis,aqa-gcse-biology:meiosis,10,0,5,0,10,0,2,0,NOT_STARTED,,,
Biology,aqa-gcse-biology,"Inheritance, Variation and Evolution",,DNA and the genome,dna-genome,aqa-gcse-biology:dna-genome,10,0,5,0,10,0,2,0,NOT_STARTED,,,
Biology,aqa-gcse-biology,"Inheritance, Variation and Evolution",,Genetic inheritance,genetic-inheritance,aqa-gcse-biology:genetic-inheritance,10,0,5,0,10,0,2,0,NOT_STARTED,,,
Biology,aqa-gcse-biology,"Inheritance, Variation and Evolution",,Inherited disorders,inherited-disorders,aqa-gcse-biology:inherited-disorders,10,0,5,0,10,0,2,0,NOT_STARTED,,,
Biology,aqa-gcse-biology,"Inheritance, Variation and Evolution",,Variation,variation,aqa-gcse-biology:variation,10,0,5,0,10,0,2,0,NOT_STARTED,,,
Biology,aqa-gcse-biology,"Inheritance, Variation and Evolution",,Evolution,evolution,aqa-gcse-biology:evolution,10,0,5,0,10,0,2,0,NOT_STARTED,,,
Biology,aqa-gcse-biology,"Inheritance, Variation and Evolution",,Evidence for evolution,evidence-evolution,aqa-gcse-biology:evidence-evolution,10,0,5,0,10,0,2,0,NOT_STARTED,,,
Biology,aqa-gcse-biology,"Inheritance, Variation and Evolution",,Fossils,fossils,aqa-gcse-biology:fossils,10,0,5,0,10,0,2,0,NOT_STARTED,,,
Biology,aqa-gcse-biology,"Inheritance, Variation and Evolution",,Extinction,extinction,aqa-gcse-biology:extinction,10,0,5,0,10,0,2,0,NOT_STARTED,,,
Biology,aqa-gcse-biology,"Inheritance, Variation and Evolution",,Resistant bacteria,resistant-bacteria,aqa-gcse-biology:resistant-bacteria,10,0,5,0,10,0,2,0,NOT_STARTED,,,
Biology,aqa-gcse-biology,"Inheritance, Variation and Evolution",,Classification,classification,aqa-gcse-biology:classification,10,0,5,0,10,0,2,0,NOT_STARTED,,,
Biology,aqa-gcse-biology,"Inheritance, Variation and Evolution",,Understanding of genetics,understanding-genetics,aqa-gcse-biology:understanding-genetics,10,0,5,0,10,0,2,0,NOT_STARTED,,,
Biology,aqa-gcse-biology,"Inheritance, Variation and Evolution",,Speciation,speciation,aqa-gcse-biology:speciation,10,0,5,0,10,0,2,0,NOT_STARTED,,,
Biology,aqa-gcse-biology,Ecology,Levels of organisation,levels-of-organisation,aqa-gcse-biology:levels-of-organisation,Ecology > Levels of organisation,10,0,5,0,10,0,2,0,NOT_STARTED,,,
Biology,aqa-gcse-biology,Ecology,Interdependence,interdependence,aqa-gcse-biology:interdependence,Ecology > Interdependence,10,0,5,0,10,0,2,0,NOT_STARTED,,,
Biology,aqa-gcse-biology,Ecology,Biodiversity,biodiversity,aqa-gcse-biology:biodiversity,Ecology > Biodiversity,10,0,5,0,10,0,2,0,NOT_STARTED,,,
Biology,aqa-gcse-biology,Ecology,Ecology,ecology,aqa-gcse-biology:ecology,Ecology > Ecology,10,0,5,0,10,0,2,0,NOT_STARTED,,,
Biology,aqa-gcse-biology,Ecology,Required Practical: Ecosystems,rp-ecosystems,aqa-gcse-biology:rp-ecosystems,Ecology > Required Practical: Ecosystems,10,0,5,0,10,0,2,0,NOT_STARTED,,,
Biology,aqa-gcse-biology,Ecology,Adaptations,adaptations,aqa-gcse-biology:adaptations,Ecology > Adaptations,10,0,5,0,10,0,2,0,NOT_STARTED,,,
Biology,aqa-gcse-biology,Ecology,Impact of environmental change,impact-environmental-change,aqa-gcse-biology:impact-environmental-change,Ecology > Impact of environmental change,10,0,5,0,10,0,2,0,NOT_STARTED,,,
Biology,aqa-gcse-biology,Ecology,Trophic levels,trophic-levels,aqa-gcse-biology:trophic-levels,Ecology > Trophic levels,10,0,5,0,10,0,2,0,NOT_STARTED,,,
Biology,aqa-gcse-biology,Ecology,Pyramids of biomass,pyramids-of-biomass,aqa-gcse-biology:pyramids-of-biomass,Ecology > Pyramids of biomass,10,0,5,0,10,0,2,0,NOT_STARTED,,,
Biology,aqa-gcse-biology,Ecology,Transfer of biomass,transfer-of-biomass,aqa-gcse-biology:transfer-of-biomass,Ecology > Transfer of biomass,10,0,5,0,10,0,2,0,NOT_STARTED,,,
Biology,aqa-gcse-biology,Ecology,Decomposition,decomposition,aqa-gcse-biology:decomposition,Ecology > Decomposition,10,0,5,0,10,0,2,0,NOT_STARTED,,,
Biology,aqa-gcse-biology,Ecology,Required Practical: Decay,rp-decay,aqa-gcse-biology:rp-decay,Ecology > Required Practical: Decay,10,0,5,0,10,0,2,0,NOT_STARTED,,,
Biology,aqa-gcse-biology,Ecology,How materials are cycled,how-materials-cycled,aqa-gcse-biology:how-materials-cycled,Ecology > How materials are cycled,10,0,5,0,10,0,2,0,NOT_STARTED,,,
Biology,aqa-gcse-biology,Ecology,Land use,land-use,aqa-gcse-biology:land-use,Ecology > Land use,10,0,5,0,10,0,2,0,NOT_STARTED,,,
Biology,aqa-gcse-biology,Ecology,Deforestation,deforestation,aqa-gcse-biology:deforestation,Ecology > Deforestation,10,0,5,0,10,0,2,0,NOT_STARTED,,,
Biology,aqa-gcse-biology,Ecology,Global warming,global-warming,aqa-gcse-biology:global-warming,Ecology > Global warming,10,0,5,0,10,0,2,0,NOT_STARTED,,,
Biology,aqa-gcse-biology,Ecology,Maintaining biodiversity,maintaining-biodiversity,aqa-gcse-biology:maintaining-biodiversity,Ecology > Maintaining biodiversity,10,0,5,0,10,0,2,0,NOT_STARTED,,,
Biology,aqa-gcse-biology,Ecology,Waste management,waste-management,aqa-gcse-biology:waste-management,Ecology > Waste management,10,0,5,0,10,0,2,0,NOT_STARTED,,,
Biology,aqa-gcse-biology,Ecology,Factors affecting food security,factors-food-security,aqa-gcse-biology:factors-food-security,Ecology > Factors affecting food security,10,0,5,0,10,0,2,0,NOT_STARTED,,,
Biology,aqa-gcse-biology,Ecology,Farming techniques,farming-techniques,aqa-gcse-biology:farming-techniques,Ecology > Farming techniques,10,0,5,0,10,0,2,0,NOT_STARTED,,,
Biology,aqa-gcse-biology,Ecology,Sustainable fisheries,sustainable-fisheries,aqa-gcse-biology:sustainable-fisheries,Ecology > Sustainable fisheries,10,0,5,0,10,0,2,0,NOT_STARTED,,,
Biology,aqa-gcse-biology,Ecology,Role of biotechnology,role-biotechnology,aqa-gcse-biology:role-biotechnology,Ecology > Role of biotechnology,10,0,5,0,10,0,2,0,NOT_STARTED,,,
Chemistry,aqa-gcse-chemistry,Atomic Structure & the Periodic Table,Simple Model of the Atom,simple-model-of-the-atom,aqa-gcse-chemistry:simple-model-of-the-atom,Atomic Structure & the Periodic Table > Simple Model of the Atom,10,0,5,0,10,0,2,0,NOT_STARTED,,,
Chemistry,aqa-gcse-chemistry,Atomic Structure & the Periodic Table,The Periodic Table,the-periodic-table,aqa-gcse-chemistry:the-periodic-table,Atomic Structure & the Periodic Table > The Periodic Table,10,0,5,0,10,0,2,0,NOT_STARTED,,,
Chemistry,aqa-gcse-chemistry,Atomic Structure & the Periodic Table,Properties of Transition Metals,properties-of-transition-metals,aqa-gcse-chemistry:properties-of-transition-metals,Atomic Structure & the Periodic Table > Properties of Transition Metals,10,0,5,0,10,0,2,0,NOT_STARTED,,,
Chemistry,aqa-gcse-chemistry,"Bonds, Structure & Properties of Matter",,"Ionic, Covalent & Metallic Bond",,ionic-covalent-metallic-bond,10,0,5,0,10,0,2,0,NOT_STARTED,,,
Chemistry,aqa-gcse-chemistry,"Bonds, Structure & Properties of Matter",,Bonding & Substance Properties,bonding-substance-properties,aqa-gcse-chemistry:bonding-substance-properties,10,0,5,0,10,0,2,0,NOT_STARTED,,,
Chemistry,aqa-gcse-chemistry,"Bonds, Structure & Properties of Matter",,Structure & Bonding of Carbon,structure-bonding-of-carbon,aqa-gcse-chemistry:structure-bonding-of-carbon,10,0,5,0,10,0,2,0,NOT_STARTED,,,
Chemistry,aqa-gcse-chemistry,"Bonds, Structure & Properties of Matter",,Bulk & Surface Properties,bulk-surface-properties,aqa-gcse-chemistry:bulk-surface-properties,10,0,5,0,10,0,2,0,NOT_STARTED,,,
Chemistry,aqa-gcse-chemistry,Quantitative Chemistry,"Measurement, Mass & Equations",,measurement-mass-equations,aqa-gcse-chemistry:measurement-mass-equations,10,0,5,0,10,0,2,0,NOT_STARTED,,,
Chemistry,aqa-gcse-chemistry,Quantitative Chemistry,Calculating Mass of Substances,calculating-mass-of-substances,aqa-gcse-chemistry:calculating-mass-of-substances,Quantitative Chemistry > Calculating Mass of Substances,10,0,5,0,10,0,2,0,NOT_STARTED,,,
Chemistry,aqa-gcse-chemistry,Quantitative Chemistry,Yield & Atom Economy,yield-atom-economy,aqa-gcse-chemistry:yield-atom-economy,Quantitative Chemistry > Yield & Atom Economy,10,0,5,0,10,0,2,0,NOT_STARTED,,,
Chemistry,aqa-gcse-chemistry,Quantitative Chemistry,Concentration of Solutions,concentration-of-solutions,aqa-gcse-chemistry:concentration-of-solutions,Quantitative Chemistry > Concentration of Solutions,10,0,5,0,10,0,2,0,NOT_STARTED,,,
Chemistry,aqa-gcse-chemistry,Quantitative Chemistry,Amount of Substance & Gas Volume,amount-of-substance-gas-volume,aqa-gcse-chemistry:amount-of-substance-gas-volume,Quantitative Chemistry > Amount of Substance & Gas Volume,10,0,5,0,10,0,2,0,NOT_STARTED,,,
Chemistry,aqa-gcse-chemistry,Chemical Changes,Reactivity of Metals,reactivity-of-metals,aqa-gcse-chemistry:reactivity-of-metals,Chemical Changes > Reactivity of Metals,10,0,5,0,10,0,2,0,NOT_STARTED,,,
Chemistry,aqa-gcse-chemistry,Chemical Changes,Reactions of Acids,reactions-of-acids,aqa-gcse-chemistry:reactions-of-acids,Chemical Changes > Reactions of Acids,10,0,5,0,10,0,2,0,NOT_STARTED,,,
Chemistry,aqa-gcse-chemistry,Chemical Changes,Electrolysis,electrolysis,aqa-gcse-chemistry:electrolysis,Chemical Changes > Electrolysis,10,0,5,0,10,0,2,0,NOT_STARTED,,,
Chemistry,aqa-gcse-chemistry,Energy Changes,Exothermic & Endothermic Reactions,exothermic-endothermic-reactions,aqa-gcse-chemistry:exothermic-endothermic-reactions,Energy Changes > Exothermic & Endothermic Reactions,10,0,5,0,10,0,2,0,NOT_STARTED,,,
Chemistry,aqa-gcse-chemistry,Energy Changes,Chemical Cells & Fuel Cells,chemical-cells-fuel-cells,aqa-gcse-chemistry:chemical-cells-fuel-cells,Energy Changes > Chemical Cells & Fuel Cells,10,0,5,0,10,0,2,0,NOT_STARTED,,,
Chemistry,aqa-gcse-chemistry,Chemical Change: Rate & Extent,Rate of Reaction,rate-of-reaction,aqa-gcse-chemistry:rate-of-reaction,Chemical Change: Rate & Extent > Rate of Reaction,10,0,5,0,10,0,2,0,NOT_STARTED,,,
Chemistry,aqa-gcse-chemistry,Chemical Change: Rate & Extent,Reversibility & Equilibrium,reversibility-equilibrium,aqa-gcse-chemistry:reversibility-equilibrium,Chemical Change: Rate & Extent > Reversibility & Equilibrium,10,0,5,0,10,0,2,0,NOT_STARTED,,,
Chemistry,aqa-gcse-chemistry,Organic Chemistry,Hydrocarbons: Fuel & Feedstock,hydrocarbons-fuel-feedstock,aqa-gcse-chemistry:hydrocarbons-fuel-feedstock,Organic Chemistry > Hydrocarbons: Fuel & Feedstock,10,0,5,0,10,0,2,0,NOT_STARTED,,,
Chemistry,aqa-gcse-chemistry,Organic Chemistry,Reactions of Alkenes & Alcohols,reactions-of-alkenes-alcohols,aqa-gcse-chemistry:reactions-of-alkenes-alcohols,Organic Chemistry > Reactions of Alkenes & Alcohols,10,0,5,0,10,0,2,0,NOT_STARTED,,,
Chemistry,aqa-gcse-chemistry,Organic Chemistry,Synthetic & Natural Polymers,synthetic-natural-polymers,aqa-gcse-chemistry:synthetic-natural-polymers,Organic Chemistry > Synthetic & Natural Polymers,10,0,5,0,10,0,2,0,NOT_STARTED,,,
Chemistry,aqa-gcse-chemistry,Chemical Analysis,"Purity, Formulations & Chromatography",,purity-formulations-chromatography,aqa-gcse-chemistry:purity-formulations-chromatography,10,0,5,0,10,0,2,0,NOT_STARTED,,,
Chemistry,aqa-gcse-chemistry,Chemical Analysis,Identification of Common Gases,identification-of-common-gases,aqa-gcse-chemistry:identification-of-common-gases,Chemical Analysis > Identification of Common Gases,10,0,5,0,10,0,2,0,NOT_STARTED,,,
Chemistry,aqa-gcse-chemistry,Chemical Analysis,Methods of Identifying Ions,methods-of-identifying-ions,aqa-gcse-chemistry:methods-of-identifying-ions,Chemical Analysis > Methods of Identifying Ions,10,0,5,0,10,0,2,0,NOT_STARTED,,,
Chemistry,aqa-gcse-chemistry,Chemistry of the Atmosphere,Formation of Earth's Atmosphere,formation-of-earths-atmosphere,aqa-gcse-chemistry:formation-of-earths-atmosphere,Chemistry of the Atmosphere > Formation of Earth's Atmosphere,10,0,5,0,10,0,2,0,NOT_STARTED,,,
Chemistry,aqa-gcse-chemistry,Chemistry of the Atmosphere,CO2 & CH4 as Greenhouse Gases,co2-ch4-as-greenhouse-gases,aqa-gcse-chemistry:co2-ch4-as-greenhouse-gases,Chemistry of the Atmosphere > CO2 & CH4 as Greenhouse Gases,10,0,5,0,10,0,2,0,NOT_STARTED,,,
Chemistry,aqa-gcse-chemistry,Chemistry of the Atmosphere,Causes of Atmospheric Pollution,causes-of-atmospheric-pollution,aqa-gcse-chemistry:causes-of-atmospheric-pollution,Chemistry of the Atmosphere > Causes of Atmospheric Pollution,10,0,5,0,10,0,2,0,NOT_STARTED,,,
Chemistry,aqa-gcse-chemistry,Using Resources,Global Reserves & Potable Water,global-reserves-potable-water,aqa-gcse-chemistry:global-reserves-potable-water,Using Resources > Global Reserves & Potable Water,10,0,5,0,10,0,2,0,NOT_STARTED,,,
Chemistry,aqa-gcse-chemistry,Using Resources,Life Cycle Analysis & Recycling,life-cycle-analysis-recycling,aqa-gcse-chemistry:life-cycle-analysis-recycling,Using Resources > Life Cycle Analysis & Recycling,10,0,5,0,10,0,2,0,NOT_STARTED,,,
Chemistry,aqa-gcse-chemistry,Using Resources,Using Materials,using-materials,aqa-gcse-chemistry:using-materials,Using Resources > Using Materials,10,0,5,0,10,0,2,0,NOT_STARTED,,,
Chemistry,aqa-gcse-chemistry,Using Resources,Haber Process & NPK Fertilisers,haber-process-npk-fertilisers,aqa-gcse-chemistry:haber-process-npk-fertilisers,Using Resources > Haber Process & NPK Fertilisers,10,0,5,0,10,0,2,0,NOT_STARTED,,,
English Language,aqa-gcse-english-language,SS1. Paper 1,Paper 1 Overview,paper-1-overview,aqa-gcse-english-language:paper-1-overview,SS1. Paper 1 > Paper 1 Overview,10,0,5,0,10,0,2,0,NOT_STARTED,,,
English Language,aqa-gcse-english-language,SS1. Paper 1,Paper 1: Section A Overview,paper-1-section-a-overview,aqa-gcse-english-language:paper-1-section-a-overview,SS1. Paper 1 > Paper 1: Section A Overview,10,0,5,0,10,0,2,0,NOT_STARTED,,,
English Language,aqa-gcse-english-language,SS1. Paper 1,Paper 1: Section B Overview,paper-1-section-b-overview,aqa-gcse-english-language:paper-1-section-b-overview,SS1. Paper 1 > Paper 1: Section B Overview,10,0,5,0,10,0,2,0,NOT_STARTED,,,
English Language,aqa-gcse-english-language,SS1. Paper 1,Paper 1: How to Answer Question 1,paper-1-how-to-answer-question-1,aqa-gcse-english-language:paper-1-how-to-answer-question-1,SS1. Paper 1 > Paper 1: How to Answer Question 1,10,0,5,0,10,0,2,0,NOT_STARTED,,,
English Language,aqa-gcse-english-language,SS1. Paper 1,Paper 1: Question 1 Example,paper-1-question-1-example,aqa-gcse-english-language:paper-1-question-1-example,SS1. Paper 1 > Paper 1: Question 1 Example,10,0,5,0,10,0,2,0,NOT_STARTED,,,
English Language,aqa-gcse-english-language,SS1. Paper 1,Paper 1: How to Answer Question 2,paper-1-how-to-answer-question-2,aqa-gcse-english-language:paper-1-how-to-answer-question-2,SS1. Paper 1 > Paper 1: How to Answer Question 2,10,0,5,0,10,0,2,0,NOT_STARTED,,,
English Language,aqa-gcse-english-language,SS1. Paper 1,Paper 1 Question 2 Skills: Language Analysis,paper-1-question-2-skills-language-analysis,aqa-gcse-english-language:paper-1-question-2-skills-language-analysis,SS1. Paper 1 > Paper 1 Question 2 Skills: Language Analysis,10,0,5,0,10,0,2,0,NOT_STARTED,,,
English Language,aqa-gcse-english-language,SS1. Paper 1,Paper 1 Question 2: Mark Scheme,paper-1-question-2-mark-scheme,aqa-gcse-english-language:paper-1-question-2-mark-scheme,SS1. Paper 1 > Paper 1 Question 2: Mark Scheme,10,0,5,0,10,0,2,0,NOT_STARTED,,,
English Language,aqa-gcse-english-language,SS1. Paper 1,Paper 1 Question 2: Model Answer,paper-1-question-2-model-answer,aqa-gcse-english-language:paper-1-question-2-model-answer,SS1. Paper 1 > Paper 1 Question 2: Model Answer,10,0,5,0,10,0,2,0,NOT_STARTED,,,
English Language,aqa-gcse-english-language,SS1. Paper 1,Paper 1: How to Answer Question 3,paper-1-how-to-answer-question-3,aqa-gcse-english-language:paper-1-how-to-answer-question-3,SS1. Paper 1 > Paper 1: How to Answer Question 3,10,0,5,0,10,0,2,0,NOT_STARTED,,,
English Language,aqa-gcse-english-language,SS1. Paper 1,Paper 1 Question 3 Skills: Structure Analysis,paper-1-question-3-skills-structure-analysis,aqa-gcse-english-language:paper-1-question-3-skills-structure-analysis,SS1. Paper 1 > Paper 1 Question 3 Skills: Structure Analysis,10,0,5,0,10,0,2,0,NOT_STARTED,,,
English Language,aqa-gcse-english-language,SS1. Paper 1,Paper 1 Question 3: Mark Scheme,paper-1-question-3-mark-scheme,aqa-gcse-english-language:paper-1-question-3-mark-scheme,SS1. Paper 1 > Paper 1 Question 3: Mark Scheme,10,0,5,0,10,0,2,0,NOT_STARTED,,,
English Language,aqa-gcse-english-language,SS1. Paper 1,Paper 1 Question 3: Model Answer,paper-1-question-3-model-answer,aqa-gcse-english-language:paper-1-question-3-model-answer,SS1. Paper 1 > Paper 1 Question 3: Model Answer,10,0,5,0,10,0,2,0,NOT_STARTED,,,
English Language,aqa-gcse-english-language,SS1. Paper 1,Paper 1: How to Answer Question 4,paper-1-how-to-answer-question-4,aqa-gcse-english-language:paper-1-how-to-answer-question-4,SS1. Paper 1 > Paper 1: How to Answer Question 4,10,0,5,0,10,0,2,0,NOT_STARTED,,,
English Language,aqa-gcse-english-language,SS1. Paper 1,Paper 1 Question 4 Skills: Evaluation,paper-1-question-4-skills-evaluation,aqa-gcse-english-language:paper-1-question-4-skills-evaluation,SS1. Paper 1 > Paper 1 Question 4 Skills: Evaluation,10,0,5,0,10,0,2,0,NOT_STARTED,,,
English Language,aqa-gcse-english-language,SS1. Paper 1,Paper 1 Question 4: Mark Scheme,paper-1-question-4-mark-scheme,aqa-gcse-english-language:paper-1-question-4-mark-scheme,SS1. Paper 1 > Paper 1 Question 4: Mark Scheme,10,0,5,0,10,0,2,0,NOT_STARTED,,,
English Language,aqa-gcse-english-language,SS1. Paper 1,Paper 1 Question 4: Model Answer,paper-1-question-4-model-answer,aqa-gcse-english-language:paper-1-question-4-model-answer,SS1. Paper 1 > Paper 1 Question 4: Model Answer,10,0,5,0,10,0,2,0,NOT_STARTED,,,
English Language,aqa-gcse-english-language,SS1. Paper 1,Paper 1 Question 5: Creative Writing,paper-1-question-5-creative-writing,aqa-gcse-english-language:paper-1-question-5-creative-writing,SS1. Paper 1 > Paper 1 Question 5: Creative Writing,10,0,5,0,10,0,2,0,NOT_STARTED,,,
English Language,aqa-gcse-english-language,SS1. Paper 1,Paper 1 Question 5: Descriptive Writing,paper-1-question-5-descriptive-writing,aqa-gcse-english-language:paper-1-question-5-descriptive-writing,SS1. Paper 1 > Paper 1 Question 5: Descriptive Writing,10,0,5,0,10,0,2,0,NOT_STARTED,,,
English Language,aqa-gcse-english-language,SS1. Paper 1,Paper 1 Question 5: Language Techniques,paper-1-question-5-language-techniques,aqa-gcse-english-language:paper-1-question-5-language-techniques,SS1. Paper 1 > Paper 1 Question 5: Language Techniques,10,0,5,0,10,0,2,0,NOT_STARTED,,,
English Language,aqa-gcse-english-language,SS1. Paper 1,Paper 1 Question 5: SPaG,paper-1-question-5-spag,aqa-gcse-english-language:paper-1-question-5-spag,SS1. Paper 1 > Paper 1 Question 5: SPaG,10,0,5,0,10,0,2,0,NOT_STARTED,,,
English Language,aqa-gcse-english-language,SS1. Paper 1,Paper 1 Question 5: Mark Scheme,paper-1-question-5-mark-scheme,aqa-gcse-english-language:paper-1-question-5-mark-scheme,SS1. Paper 1 > Paper 1 Question 5: Mark Scheme,10,0,5,0,10,0,2,0,NOT_STARTED,,,
English Language,aqa-gcse-english-language,SS1. Paper 1,Paper 1 Question 5: Creative Writing Model Answer,paper-1-question-5-creative-writing-model-answer,aqa-gcse-english-language:paper-1-question-5-creative-writing-model-answer,SS1. Paper 1 > Paper 1 Question 5: Creative Writing Model Answer,10,0,5,0,10,0,2,0,NOT_STARTED,,,
English Language,aqa-gcse-english-language,SS1. Paper 1,Paper 1 Question 5: Descriptive Writing Model Answer,paper-1-question-5-descriptive-writing-model-answer,aqa-gcse-english-language:paper-1-question-5-descriptive-writing-model-answer,SS1. Paper 1 > Paper 1 Question 5: Descriptive Writing Model Answer,10,0,5,0,10,0,2,0,NOT_STARTED,,,
English Language,aqa-gcse-english-language,SS1. Paper 2,Paper 2 Overview,paper-2-overview,aqa-gcse-english-language:paper-2-overview,SS1. Paper 2 > Paper 2 Overview,10,0,5,0,10,0,2,0,NOT_STARTED,,,
English Language,aqa-gcse-english-language,SS1. Paper 2,Paper 2 Section A: Overview,paper-2-section-a-overview,aqa-gcse-english-language:paper-2-section-a-overview,SS1. Paper 2 > Paper 2 Section A: Overview,10,0,5,0,10,0,2,0,NOT_STARTED,,,
English Language,aqa-gcse-english-language,SS1. Paper 2,Paper 2 Section B Overview,paper-2-section-b-overview,aqa-gcse-english-language:paper-2-section-b-overview,SS1. Paper 2 > Paper 2 Section B Overview,10,0,5,0,10,0,2,0,NOT_STARTED,,,
English Language,aqa-gcse-english-language,SS1. Paper 2,Paper 2: How to Answer Question 1,paper-2-how-to-answer-question-1,aqa-gcse-english-language:paper-2-how-to-answer-question-1,SS1. Paper 2 > Paper 2: How to Answer Question 1,10,0,5,0,10,0,2,0,NOT_STARTED,,,
English Language,aqa-gcse-english-language,SS1. Paper 2,Paper 2: Question 1 Example,paper-2-question-1-example,aqa-gcse-english-language:paper-2-question-1-example,SS1. Paper 2 > Paper 2: Question 1 Example,10,0,5,0,10,0,2,0,NOT_STARTED,,,
English Language,aqa-gcse-english-language,SS1. Paper 2,Paper 2: How to Answer Question 2,paper-2-how-to-answer-question-2,aqa-gcse-english-language:paper-2-how-to-answer-question-2,SS1. Paper 2 > Paper 2: How to Answer Question 2,10,0,5,0,10,0,2,0,NOT_STARTED,,,
English Language,aqa-gcse-english-language,SS1. Paper 2,Paper 2 Question 2 Skills: Summarising inferences,paper-2-question-2-skills-summarising-inferences,aqa-gcse-english-language:paper-2-question-2-skills-summarising-inferences,SS1. Paper 2 > Paper 2 Question 2 Skills: Summarising inferences,10,0,5,0,10,0,2,0,NOT_STARTED,,,
English Language,aqa-gcse-english-language,SS1. Paper 2,Paper 2 Question 2: Mark Scheme,paper-2-question-2-mark-scheme,aqa-gcse-english-language:paper-2-question-2-mark-scheme,SS1. Paper 2 > Paper 2 Question 2: Mark Scheme,10,0,5,0,10,0,2,0,NOT_STARTED,,,
English Language,aqa-gcse-english-language,SS1. Paper 2,Paper 2 Question 2: Model Answer,paper-2-question-2-model-answer,aqa-gcse-english-language:paper-2-question-2-model-answer,SS1. Paper 2 > Paper 2 Question 2: Model Answer,10,0,5,0,10,0,2,0,NOT_STARTED,,,
English Language,aqa-gcse-english-language,SS1. Paper 2,Paper 2: How to Answer Question 3,paper-2-how-to-answer-question-3,aqa-gcse-english-language:paper-2-how-to-answer-question-3,SS1. Paper 2 > Paper 2: How to Answer Question 3,10,0,5,0,10,0,2,0,NOT_STARTED,,,
English Language,aqa-gcse-english-language,SS1. Paper 2,Paper 2 Question 3 Skills: Language Analysis,paper-2-question-3-skills-language-analysis,aqa-gcse-english-language:paper-2-question-3-skills-language-analysis,SS1. Paper 2 > Paper 2 Question 3 Skills: Language Analysis,10,0,5,0,10,0,2,0,NOT_STARTED,,,
English Language,aqa-gcse-english-language,SS1. Paper 2,Paper 2 Question 3: Mark Scheme,paper-2-question-3-mark-scheme,aqa-gcse-english-language:paper-2-question-3-mark-scheme,SS1. Paper 2 > Paper 2 Question 3: Mark Scheme,10,0,5,0,10,0,2,0,NOT_STARTED,,,
English Language,aqa-gcse-english-language,SS1. Paper 2,Paper 2 Question 3: Model Answer,paper-2-question-3-model-answer,aqa-gcse-english-language:paper-2-question-3-model-answer,SS1. Paper 2 > Paper 2 Question 3: Model Answer,10,0,5,0,10,0,2,0,NOT_STARTED,,,
English Language,aqa-gcse-english-language,SS1. Paper 2,Paper 2: How to Answer Question 4,paper-2-how-to-answer-question-4,aqa-gcse-english-language:paper-2-how-to-answer-question-4,SS1. Paper 2 > Paper 2: How to Answer Question 4,10,0,5,0,10,0,2,0,NOT_STARTED,,,
English Language,aqa-gcse-english-language,SS1. Paper 2,Paper 2 Question 4 Skills: Comparing Texts,paper-2-question-4-skills-comparing-texts,aqa-gcse-english-language:paper-2-question-4-skills-comparing-texts,SS1. Paper 2 > Paper 2 Question 4 Skills: Comparing Texts,10,0,5,0,10,0,2,0,NOT_STARTED,,,
English Language,aqa-gcse-english-language,SS1. Paper 2,Paper 2 Question 4: Mark Scheme,paper-2-question-4-mark-scheme,aqa-gcse-english-language:paper-2-question-4-mark-scheme,SS1. Paper 2 > Paper 2 Question 4: Mark Scheme,10,0,5,0,10,0,2,0,NOT_STARTED,,,
English Language,aqa-gcse-english-language,SS1. Paper 2,Paper 2 Question 4: Model Answer,paper-2-question-4-model-answer,aqa-gcse-english-language:paper-2-question-4-model-answer,SS1. Paper 2 > Paper 2 Question 4: Model Answer,10,0,5,0,10,0,2,0,NOT_STARTED,,,
English Language,aqa-gcse-english-language,SS1. Paper 2,"Paper 2 Question 5: Format, Audience and Purpose",,paper-2-question-5-format-audience-purpose,aqa-gcse-english-language:paper-2-question-5-format-audience-purpose,10,0,5,0,10,0,2,0,NOT_STARTED,,,
English Language,aqa-gcse-english-language,SS1. Paper 2,Paper 2 Question 5: Persuasive Language Techniques,paper-2-question-5-persuasive-language-techniques,aqa-gcse-english-language:paper-2-question-5-persuasive-language-techniques,SS1. Paper 2 > Paper 2 Question 5: Persuasive Language Techniques,10,0,5,0,10,0,2,0,NOT_STARTED,,,
English Language,aqa-gcse-english-language,SS1. Paper 2,Paper 2 Question 5: SPaG,paper-2-question-5-spag,aqa-gcse-english-language:paper-2-question-5-spag,SS1. Paper 2 > Paper 2 Question 5: SPaG,10,0,5,0,10,0,2,0,NOT_STARTED,,,
English Language,aqa-gcse-english-language,SS1. Paper 2,Paper 2 Question 5: Mark Scheme,paper-2-question-5-mark-scheme,aqa-gcse-english-language:paper-2-question-5-mark-scheme,SS1. Paper 2 > Paper 2 Question 5: Mark Scheme,10,0,5,0,10,0,2,0,NOT_STARTED,,,
English Language,aqa-gcse-english-language,SS1. Paper 2,How to Write an Article for GCSE,paper-2-how-to-write-an-article,aqa-gcse-english-language:paper-2-how-to-write-an-article,SS1. Paper 2 > How to Write an Article for GCSE,10,0,5,0,10,0,2,0,NOT_STARTED,,,
English Language,aqa-gcse-english-language,SS1. Paper 2,Paper 2 Question 5: Article Model Answer,paper-2-question-5-article-model-answer,aqa-gcse-english-language:paper-2-question-5-article-model-answer,SS1. Paper 2 > Paper 2 Question 5: Article Model Answer,10,0,5,0,10,0,2,0,NOT_STARTED,,,
English Language,aqa-gcse-english-language,SS1. Paper 2,How to Write a Letter for GCSE,paper-2-how-to-write-a-letter,aqa-gcse-english-language:paper-2-how-to-write-a-letter,SS1. Paper 2 > How to Write a Letter for GCSE,10,0,5,0,10,0,2,0,NOT_STARTED,,,
English Language,aqa-gcse-english-language,SS1. Paper 2,Paper 2 Question 5: Letter Model Answer,paper-2-question-5-letter-model-answer,aqa-gcse-english-language:paper-2-question-5-letter-model-answer,SS1. Paper 2 > Paper 2 Question 5: Letter Model Answer,10,0,5,0,10,0,2,0,NOT_STARTED,,,
English Language,aqa-gcse-english-language,SS1. Paper 2,How to Write a Speech for GCSE,paper-2-how-to-write-a-speech,aqa-gcse-english-language:paper-2-how-to-write-a-speech,SS1. Paper 2 > How to Write a Speech for GCSE,10,0,5,0,10,0,2,0,NOT_STARTED,,,
English Language,aqa-gcse-english-language,SS1. Paper 2,Paper 2 Question 5: Speech Model Answer,paper-2-question-5-speech-model-answer,aqa-gcse-english-language:paper-2-question-5-speech-model-answer,SS1. Paper 2 > Paper 2 Question 5: Speech Model Answer,10,0,5,0,10,0,2,0,NOT_STARTED,,,
English Language,aqa-gcse-english-language,SS1. Paper 2,How to Write a Review for GCSE,paper-2-how-to-write-a-review,aqa-gcse-english-language:paper-2-how-to-write-a-review,SS1. Paper 2 > How to Write a Review for GCSE,10,0,5,0,10,0,2,0,NOT_STARTED,,,
English Language,aqa-gcse-english-language,SS1. Paper 2,Paper 2 Question 5: Review Model Answer,paper-2-question-5-review-model-answer,aqa-gcse-english-language:paper-2-question-5-review-model-answer,SS1. Paper 2 > Paper 2 Question 5: Review Model Answer,10,0,5,0,10,0,2,0,NOT_STARTED,,,
English Language,aqa-gcse-english-language,SS1. Paper 2,How to Write a Guide for GCSE,paper-2-how-to-write-a-guide,aqa-gcse-english-language:paper-2-how-to-write-a-guide,SS1. Paper 2 > How to Write a Guide for GCSE,10,0,5,0,10,0,2,0,NOT_STARTED,,,
English Language,aqa-gcse-english-language,SS1. Paper 2,Paper 2 Question 5: Guide Model Answer,paper-2-question-5-guide-model-answer,aqa-gcse-english-language:paper-2-question-5-guide-model-answer,SS1. Paper 2 > Paper 2 Question 5: Guide Model Answer,10,0,5,0,10,0,2,0,NOT_STARTED,,,
English Language,aqa-gcse-english-language,SS1. Exam Skills,Mastering Spelling,exam-skills-mastering-spelling,aqa-gcse-english-language:exam-skills-mastering-spelling,SS1. Exam Skills > Mastering Spelling,10,0,5,0,10,0,2,0,NOT_STARTED,,,
English Language,aqa-gcse-english-language,SS1. Exam Skills,Mastering Punctuation,exam-skills-mastering-punctuation,aqa-gcse-english-language:exam-skills-mastering-punctuation,SS1. Exam Skills > Mastering Punctuation,10,0,5,0,10,0,2,0,NOT_STARTED,,,
English Language,aqa-gcse-english-language,SS1. Exam Skills,Mastering Sentences,exam-skills-mastering-sentences,aqa-gcse-english-language:exam-skills-mastering-sentences,SS1. Exam Skills > Mastering Sentences,10,0,5,0,10,0,2,0,NOT_STARTED,,,
English Language,aqa-gcse-english-language,SS1. Exam Skills,Mastering Word Classes,exam-skills-mastering-word-classes,aqa-gcse-english-language:exam-skills-mastering-word-classes,SS1. Exam Skills > Mastering Word Classes,10,0,5,0,10,0,2,0,NOT_STARTED,,,
English Language,aqa-gcse-english-language,SS1. Exam Skills,Exam Tips,exam-skills-exam-tips,aqa-gcse-english-language:exam-skills-exam-tips,SS1. Exam Skills > Exam Tips,10,0,5,0,10,0,2,0,NOT_STARTED,,,
English Language,aqa-gcse-english-language,SS1. Exam Skills,Using Quotes and Evidence in GCSE English Language,exam-skills-using-quotes-and-evidence,aqa-gcse-english-language:exam-skills-using-quotes-and-evidence,SS1. Exam Skills > Using Quotes and Evidence in GCSE English Language,10,0,5,0,10,0,2,0,NOT_STARTED,,,
English Language,aqa-gcse-english-language,SS1. Exam Skills,How to Compare Texts in GCSE English Language,exam-skills-how-to-compare-texts,aqa-gcse-english-language:exam-skills-how-to-compare-texts,SS1. Exam Skills > How to Compare Texts in GCSE English Language,10,0,5,0,10,0,2,0,NOT_STARTED,,,
English Language,aqa-gcse-english-language,SS1. Exam Skills,Implicit Versus Explicit Meaning,exam-skills-implicit-versus-explicit-meaning,aqa-gcse-english-language:exam-skills-implicit-versus-explicit-meaning,SS1. Exam Skills > Implicit Versus Explicit Meaning,10,0,5,0,10,0,2,0,NOT_STARTED,,,
English Language,aqa-gcse-english-language,SS1. Exam Skills,How to Summarise in GCSE English Language,exam-skills-how-to-summarise,aqa-gcse-english-language:exam-skills-how-to-summarise,SS1. Exam Skills > How to Summarise in GCSE English Language,10,0,5,0,10,0,2,0,NOT_STARTED,,,
English Language,aqa-gcse-english-language,SS1. Exam Skills,How to Evaluate in GCSE English Language,exam-skills-how-to-evaluate,aqa-gcse-english-language:exam-skills-how-to-evaluate,SS1. Exam Skills > How to Evaluate in GCSE English Language,10,0,5,0,10,0,2,0,NOT_STARTED,,,
English Language,aqa-gcse-english-language,SS1. Exam Skills,How to Plan Your Creative Writing at GCSE,exam-skills-plan-creative-writing,aqa-gcse-english-language:exam-skills-plan-creative-writing,SS1. Exam Skills > How to Plan Your Creative Writing at GCSE,10,0,5,0,10,0,2,0,NOT_STARTED,,,
English Language,aqa-gcse-english-language,SS1. Exam Skills,How to Structure Creative Writing at GCSE,exam-skills-structure-creative-writing,aqa-gcse-english-language:exam-skills-structure-creative-writing,SS1. Exam Skills > How to Structure Creative Writing at GCSE,10,0,5,0,10,0,2,0,NOT_STARTED,,,
English Language,aqa-gcse-english-language,SS1. Exam Skills,How to Structure Persuasive Writing at GCSE,exam-skills-structure-persuasive-writing,aqa-gcse-english-language:exam-skills-structure-persuasive-writing,SS1. Exam Skills > How to Structure Persuasive Writing at GCSE,10,0,5,0,10,0,2,0,NOT_STARTED,,,
English Language,aqa-gcse-english-language,SS1. Exam Skills,How to Engage the Reader in a Creative Writing Opening,exam-skills-engage-reader-creative-opening,aqa-gcse-english-language:exam-skills-engage-reader-creative-opening,SS1. Exam Skills > How to Engage the Reader in a Creative Writing Opening,10,0,5,0,10,0,2,0,NOT_STARTED,,,
English Language,aqa-gcse-english-language,SS1. Exam Skills,How to Create Setting in Creative Writing,exam-skills-create-setting,aqa-gcse-english-language:exam-skills-create-setting,SS1. Exam Skills > How to Create Setting in Creative Writing,10,0,5,0,10,0,2,0,NOT_STARTED,,,
English Language,aqa-gcse-english-language,SS1. Exam Skills,Top Tips for Creating Characters in Creative Writing,exam-skills-creating-characters,aqa-gcse-english-language:exam-skills-creating-characters,SS1. Exam Skills > Top Tips for Creating Characters in Creative Writing,10,0,5,0,10,0,2,0,NOT_STARTED,,,
English Language,aqa-gcse-english-language,SS1. Exam Skills,How to Write Dialogue in Creative Writing,exam-skills-write-dialogue,aqa-gcse-english-language:exam-skills-write-dialogue,SS1. Exam Skills > How to Write Dialogue in Creative Writing,10,0,5,0,10,0,2,0,NOT_STARTED,,,
English Language,aqa-gcse-english-language,SS1. Exam Skills,How to Check and Proofread Your Writing at GCSE,exam-skills-proofread-writing,aqa-gcse-english-language:exam-skills-proofread-writing,SS1. Exam Skills > How to Check and Proofread Your Writing at GCSE,10,0,5,0,10,0,2,0,NOT_STARTED,,,
English Language,aqa-gcse-english-language,SS1. Exam Skills,Understanding Speaking and Listening at GCSE,exam-skills-understanding-speaking-listening,aqa-gcse-english-language:exam-skills-understanding-speaking-listening,SS1. Exam Skills > Understanding Speaking and Listening at GCSE,10,0,5,0,10,0,2,0,NOT_STARTED,,,
English Language,aqa-gcse-english-language,SS1. Exam Skills,Speaking and Listening Skills,exam-skills-speaking-and-listening-skills,aqa-gcse-english-language:exam-skills-speaking-and-listening-skills,SS1. Exam Skills > Speaking and Listening Skills,10,0,5,0,10,0,2,0,NOT_STARTED,,,
English Language,aqa-gcse-english-language,SS1. Exam Skills,GCSE Speaking and Listening: Individual Presentation,exam-skills-speaking-listening-individual-presentation,aqa-gcse-english-language:exam-skills-speaking-listening-individual-presentation,SS1. Exam Skills > GCSE Speaking and Listening: Individual Presentation,10,0,5,0,10,0,2,0,NOT_STARTED,,,
English Language,aqa-gcse-english-language,SS1. Exam Skills,GCSE Speaking and Listening: Writing your Presentation,exam-skills-speaking-listening-writing-your-presentation,aqa-gcse-english-language:exam-skills-speaking-listening-writing-your-presentation,SS1. Exam Skills > GCSE Speaking and Listening: Writing your Presentation,10,0,5,0,10,0,2,0,NOT_STARTED,,,
English Language,aqa-gcse-english-language,SS1. Exams,2026 Exams Changes,exams-2026-changes,aqa-gcse-english-language:exams-2026-changes,SS1. Exams > 2026 Exams Changes,10,0,5,0,10,0,2,0,NOT_STARTED,,,
English Language,aqa-gcse-english-language,SS1. Exams,2027+ Exams: Check for updates,exams-2027-plus-check-updates,aqa-gcse-english-language:exams-2027-plus-check-updates,SS1. Exams > 2027+ Exams: Check for updates,10,0,5,0,10,0,2,0,NOT_STARTED,,,
English Literature,aqa-gcse-english-literature,SS1. Shakespeare,Structuring the Shakespeare Essay,shakespeare-structuring-the-shakespeare-essay,aqa-gcse-english-literature:shakespeare-structuring-the-shakespeare-essay,SS1. Shakespeare > Structuring the Shakespeare Essay,10,0,5,0,10,0,2,0,NOT_STARTED,,,
English Literature,aqa-gcse-english-literature,SS1. Shakespeare,Shakespeare's Methods & Techniques,shakespeare-methods-techniques,aqa-gcse-english-literature:shakespeare-methods-techniques,SS1. Shakespeare > Shakespeare's Methods & Techniques,10,0,5,0,10,0,2,0,NOT_STARTED,,,
English Literature,aqa-gcse-english-literature,SS1. Shakespeare,Shakespeare: Context,shakespeare-context,aqa-gcse-english-literature:shakespeare-context,SS1. Shakespeare > Shakespeare: Context,10,0,5,0,10,0,2,0,NOT_STARTED,,,
English Literature,aqa-gcse-english-literature,SS1. Shakespeare,The AQA GCSE Shakespeare Mark Scheme,shakespeare-mark-scheme,aqa-gcse-english-literature:shakespeare-mark-scheme,SS1. Shakespeare > The AQA GCSE Shakespeare Mark Scheme,10,0,5,0,10,0,2,0,NOT_STARTED,,,
English Literature,aqa-gcse-english-literature,SS1. Shakespeare,Shakespeare: Model Answers,shakespeare-model-answers,aqa-gcse-english-literature:shakespeare-model-answers,SS1. Shakespeare > Shakespeare: Model Answers,10,0,5,0,10,0,2,0,NOT_STARTED,,,
English Literature,aqa-gcse-english-literature,SS1. Shakespeare,Macbeth: Overview,macbeth-overview,aqa-gcse-english-literature:macbeth-overview,SS1. Shakespeare > Macbeth: Overview,10,0,5,0,10,0,2,0,NOT_STARTED,,,
English Literature,aqa-gcse-english-literature,SS1. Shakespeare,Macbeth: Plot Summary,macbeth-plot-summary,aqa-gcse-english-literature:macbeth-plot-summary,SS1. Shakespeare > Macbeth: Plot Summary,10,0,5,0,10,0,2,0,NOT_STARTED,,,
English Literature,aqa-gcse-english-literature,SS1. Shakespeare,Macbeth: Themes,macbeth-themes,aqa-gcse-english-literature:macbeth-themes,SS1. Shakespeare > Macbeth: Themes,10,0,5,0,10,0,2,0,NOT_STARTED,,,
English Literature,aqa-gcse-english-literature,SS1. Shakespeare,Macbeth Key Theme: Ambition,macbeth-theme-ambition,aqa-gcse-english-literature:macbeth-theme-ambition,SS1. Shakespeare > Macbeth Key Theme: Ambition,10,0,5,0,10,0,2,0,NOT_STARTED,,,
English Literature,aqa-gcse-english-literature,SS1. Shakespeare,Macbeth Key Theme: The Supernatural,macbeth-theme-the-supernatural,aqa-gcse-english-literature:macbeth-theme-the-supernatural,SS1. Shakespeare > Macbeth Key Theme: The Supernatural,10,0,5,0,10,0,2,0,NOT_STARTED,,,
English Literature,aqa-gcse-english-literature,SS1. Shakespeare,Macbeth Key Theme: Appearance versus Reality,macbeth-theme-appearance-versus-reality,aqa-gcse-english-literature:macbeth-theme-appearance-versus-reality,SS1. Shakespeare > Macbeth Key Theme: Appearance versus Reality,10,0,5,0,10,0,2,0,NOT_STARTED,,,
English Literature,aqa-gcse-english-literature,SS1. Shakespeare,Macbeth Key Theme: Corruption of Nature,macbeth-theme-corruption-of-nature,aqa-gcse-english-literature:macbeth-theme-corruption-of-nature,SS1. Shakespeare > Macbeth Key Theme: Corruption of Nature,10,0,5,0,10,0,2,0,NOT_STARTED,,,
English Literature,aqa-gcse-english-literature,SS1. Shakespeare,Macbeth: Characters,macbeth-characters,aqa-gcse-english-literature:macbeth-characters,SS1. Shakespeare > Macbeth: Characters,10,0,5,0,10,0,2,0,NOT_STARTED,,,
English Literature,aqa-gcse-english-literature,SS1. Shakespeare,Macbeth Character Analysis,macbeth-character-analysis,aqa-gcse-english-literature:macbeth-character-analysis,SS1. Shakespeare > Macbeth Character Analysis,10,0,5,0,10,0,2,0,NOT_STARTED,,,
English Literature,aqa-gcse-english-literature,SS1. Shakespeare,Macbeth Key Character Profile: Lady Macbeth,macbeth-character-lady-macbeth-profile,aqa-gcse-english-literature:macbeth-character-lady-macbeth-profile,SS1. Shakespeare > Macbeth Key Character Profile: Lady Macbeth,10,0,5,0,10,0,2,0,NOT_STARTED,,,
English Literature,aqa-gcse-english-literature,SS1. Shakespeare,Banquo Character Analysis,macbeth-character-banquo-analysis,aqa-gcse-english-literature:macbeth-character-banquo-analysis,SS1. Shakespeare > Banquo Character Analysis,10,0,5,0,10,0,2,0,NOT_STARTED,,,
English Literature,aqa-gcse-english-literature,SS1. Shakespeare,Duncan Character Analysis,macbeth-character-duncan-analysis,aqa-gcse-english-literature:macbeth-character-duncan-analysis,SS1. Shakespeare > Duncan Character Analysis,10,0,5,0,10,0,2,0,NOT_STARTED,,,
English Literature,aqa-gcse-english-literature,SS1. Shakespeare,Macduff Character Analysis,macbeth-character-macduff-analysis,aqa-gcse-english-literature:macbeth-character-macduff-analysis,SS1. Shakespeare > Macduff Character Analysis,10,0,5,0,10,0,2,0,NOT_STARTED,,,
English Literature,aqa-gcse-english-literature,SS1. Shakespeare,Macbeth: Context,macbeth-context,aqa-gcse-english-literature:macbeth-context,SS1. Shakespeare > Macbeth: Context,10,0,5,0,10,0,2,0,NOT_STARTED,,,
English Literature,aqa-gcse-english-literature,SS1. Shakespeare,Macbeth: Writer's Methods & Techniques,macbeth-methods-techniques,aqa-gcse-english-literature:macbeth-methods-techniques,SS1. Shakespeare > Macbeth: Writer's Methods & Techniques,10,0,5,0,10,0,2,0,NOT_STARTED,,,
English Literature,aqa-gcse-english-literature,SS1. Shakespeare,Macbeth: Key Quotations,macbeth-key-quotations,aqa-gcse-english-literature:macbeth-key-quotations,SS1. Shakespeare > Macbeth: Key Quotations,10,0,5,0,10,0,2,0,NOT_STARTED,,,
English Literature,aqa-gcse-english-literature,SS1. Shakespeare,Macbeth: Character Quotations,macbeth-character-quotations,aqa-gcse-english-literature:macbeth-character-quotations,SS1. Shakespeare > Macbeth: Character Quotations,10,0,5,0,10,0,2,0,NOT_STARTED,,,
English Literature,aqa-gcse-english-literature,SS1. Shakespeare,Romeo & Juliet: Overview,romeo-and-juliet-overview,aqa-gcse-english-literature:romeo-and-juliet-overview,SS1. Shakespeare > Romeo & Juliet: Overview,10,0,5,0,10,0,2,0,NOT_STARTED,,,
English Literature,aqa-gcse-english-literature,SS1. Shakespeare,Romeo & Juliet: Plot Summary,romeo-and-juliet-plot-summary,aqa-gcse-english-literature:romeo-and-juliet-plot-summary,SS1. Shakespeare > Romeo & Juliet: Plot Summary,10,0,5,0,10,0,2,0,NOT_STARTED,,,
English Literature,aqa-gcse-english-literature,SS1. Shakespeare,Romeo & Juliet: Themes,romeo-and-juliet-themes,aqa-gcse-english-literature:romeo-and-juliet-themes,SS1. Shakespeare > Romeo & Juliet: Themes,10,0,5,0,10,0,2,0,NOT_STARTED,,,
English Literature,aqa-gcse-english-literature,SS1. Shakespeare,Romeo and Juliet Key Theme: Love,romeo-and-juliet-theme-love,aqa-gcse-english-literature:romeo-and-juliet-theme-love,SS1. Shakespeare > Romeo and Juliet Key Theme: Love,10,0,5,0,10,0,2,0,NOT_STARTED,,,
English Literature,aqa-gcse-english-literature,SS1. Shakespeare,Romeo and Juliet Key Theme: Conflict,romeo-and-juliet-theme-conflict,aqa-gcse-english-literature:romeo-and-juliet-theme-conflict,SS1. Shakespeare > Romeo and Juliet Key Theme: Conflict,10,0,5,0,10,0,2,0,NOT_STARTED,,,
English Literature,aqa-gcse-english-literature,SS1. Shakespeare,Romeo and Juliet Key Theme: Honour,romeo-and-juliet-theme-honour,aqa-gcse-english-literature:romeo-and-juliet-theme-honour,SS1. Shakespeare > Romeo and Juliet Key Theme: Honour,10,0,5,0,10,0,2,0,NOT_STARTED,,,
English Literature,aqa-gcse-english-literature,SS1. Shakespeare,Romeo and Juliet Key Theme: Fate,romeo-and-juliet-theme-fate,aqa-gcse-english-literature:romeo-and-juliet-theme-fate,SS1. Shakespeare > Romeo and Juliet Key Theme: Fate,10,0,5,0,10,0,2,0,NOT_STARTED,,,
English Literature,aqa-gcse-english-literature,SS1. Shakespeare,Romeo & Juliet: Characters,romeo-and-juliet-characters,aqa-gcse-english-literature:romeo-and-juliet-characters,SS1. Shakespeare > Romeo & Juliet: Characters,10,0,5,0,10,0,2,0,NOT_STARTED,,,
English Literature,aqa-gcse-english-literature,SS1. Shakespeare,Romeo Character Analysis,romeo-and-juliet-character-romeo-analysis,aqa-gcse-english-literature:romeo-and-juliet-character-romeo-analysis,SS1. Shakespeare > Romeo Character Analysis,10,0,5,0,10,0,2,0,NOT_STARTED,,,
English Literature,aqa-gcse-english-literature,SS1. Shakespeare,Juliet Character Analysis,romeo-and-juliet-character-juliet-analysis,aqa-gcse-english-literature:romeo-and-juliet-character-juliet-analysis,SS1. Shakespeare > Juliet Character Analysis,10,0,5,0,10,0,2,0,NOT_STARTED,,,
English Literature,aqa-gcse-english-literature,SS1. Shakespeare,The Nurse Character Analysis,romeo-and-juliet-character-nurse-analysis,aqa-gcse-english-literature:romeo-and-juliet-character-nurse-analysis,SS1. Shakespeare > The Nurse Character Analysis,10,0,5,0,10,0,2,0,NOT_STARTED,,,
English Literature,aqa-gcse-english-literature,SS1. Shakespeare,Tybalt Character Analysis,romeo-and-juliet-character-tybalt-analysis,aqa-gcse-english-literature:romeo-and-juliet-character-tybalt-analysis,SS1. Shakespeare > Tybalt Character Analysis,10,0,5,0,10,0,2,0,NOT_STARTED,,,
English Literature,aqa-gcse-english-literature,SS1. Shakespeare,Romeo & Juliet: Context,romeo-and-juliet-context,aqa-gcse-english-literature:romeo-and-juliet-context,SS1. Shakespeare > Romeo & Juliet: Context,10,0,5,0,10,0,2,0,NOT_STARTED,,,
English Literature,aqa-gcse-english-literature,SS1. Shakespeare,Romeo & Juliet: Writer's Methods & Techniques,romeo-and-juliet-methods-techniques,aqa-gcse-english-literature:romeo-and-juliet-methods-techniques,SS1. Shakespeare > Romeo & Juliet: Writer's Methods & Techniques,10,0,5,0,10,0,2,0,NOT_STARTED,,,
English Literature,aqa-gcse-english-literature,SS1. Shakespeare,Romeo & Juliet: Key Quotations,romeo-and-juliet-key-quotations,aqa-gcse-english-literature:romeo-and-juliet-key-quotations,SS1. Shakespeare > Romeo & Juliet: Key Quotations,10,0,5,0,10,0,2,0,NOT_STARTED,,,
English Literature,aqa-gcse-english-literature,SS1. Shakespeare,Romeo & Juliet: Character Quotations,romeo-and-juliet-character-quotations,aqa-gcse-english-literature:romeo-and-juliet-character-quotations,SS1. Shakespeare > Romeo & Juliet: Character Quotations,10,0,5,0,10,0,2,0,NOT_STARTED,,,
English Literature,aqa-gcse-english-literature,SS1. Shakespeare,The Merchant of Venice: Overview,merchant-of-venice-overview,aqa-gcse-english-literature:merchant-of-venice-overview,SS1. Shakespeare > The Merchant of Venice: Overview,10,0,5,0,10,0,2,0,NOT_STARTED,,,
English Literature,aqa-gcse-english-literature,SS1. Shakespeare,The Merchant of Venice: Plot Summary,merchant-of-venice-plot-summary,aqa-gcse-english-literature:merchant-of-venice-plot-summary,SS1. Shakespeare > The Merchant of Venice: Plot Summary,10,0,5,0,10,0,2,0,NOT_STARTED,,,
English Literature,aqa-gcse-english-literature,SS1. Shakespeare,The Merchant of Venice: Themes,merchant-of-venice-themes,aqa-gcse-english-literature:merchant-of-venice-themes,SS1. Shakespeare > The Merchant of Venice: Themes,10,0,5,0,10,0,2,0,NOT_STARTED,,,
English Literature,aqa-gcse-english-literature,SS1. Shakespeare,The Merchant of Venice: Characters,merchant-of-venice-characters,aqa-gcse-english-literature:merchant-of-venice-characters,SS1. Shakespeare > The Merchant of Venice: Characters,10,0,5,0,10,0,2,0,NOT_STARTED,,,
English Literature,aqa-gcse-english-literature,SS1. Shakespeare,The Merchant of Venice: Context,merchant-of-venice-context,aqa-gcse-english-literature:merchant-of-venice-context,SS1. Shakespeare > The Merchant of Venice: Context,10,0,5,0,10,0,2,0,NOT_STARTED,,,
English Literature,aqa-gcse-english-literature,SS1. Shakespeare,The Merchant of Venice: Writer's Methods and Techniques,merchant-of-venice-methods-techniques,aqa-gcse-english-literature:merchant-of-venice-methods-techniques,SS1. Shakespeare > The Merchant of Venice: Writer's Methods and Techniques,10,0,5,0,10,0,2,0,NOT_STARTED,,,
English Literature,aqa-gcse-english-literature,SS1. Shakespeare,The Merchant of Venice: Key Quotations,merchant-of-venice-key-quotations,aqa-gcse-english-literature:merchant-of-venice-key-quotations,SS1. Shakespeare > The Merchant of Venice: Key Quotations,10,0,5,0,10,0,2,0,NOT_STARTED,,,
English Literature,aqa-gcse-english-literature,SS1. Shakespeare,The Merchant of Venice: Character Quotations,merchant-of-venice-character-quotations,aqa-gcse-english-literature:merchant-of-venice-character-quotations,SS1. Shakespeare > The Merchant of Venice: Character Quotations,10,0,5,0,10,0,2,0,NOT_STARTED,,,
English Literature,aqa-gcse-english-literature,SS1. The 19th Century Novel,Structuring the Essay,novel-structuring-the-essay,aqa-gcse-english-literature:novel-structuring-the-essay,SS1. The 19th Century Novel > Structuring the Essay,10,0,5,0,10,0,2,0,NOT_STARTED,,,
English Literature,aqa-gcse-english-literature,SS1. The 19th Century Novel,Writer's Methods & Techniques,novel-methods-techniques,aqa-gcse-english-literature:novel-methods-techniques,SS1. The 19th Century Novel > Writer's Methods & Techniques,10,0,5,0,10,0,2,0,NOT_STARTED,,,
English Literature,aqa-gcse-english-literature,SS1. The 19th Century Novel,Context,novel-context,aqa-gcse-english-literature:novel-context,SS1. The 19th Century Novel > Context,10,0,5,0,10,0,2,0,NOT_STARTED,,,
English Literature,aqa-gcse-english-literature,SS1. The 19th Century Novel,Mark Scheme,novel-mark-scheme,aqa-gcse-english-literature:novel-mark-scheme,SS1. The 19th Century Novel > Mark Scheme,10,0,5,0,10,0,2,0,NOT_STARTED,,,
English Literature,aqa-gcse-english-literature,SS1. The 19th Century Novel,Model Answers,novel-model-answers,aqa-gcse-english-literature:novel-model-answers,SS1. The 19th Century Novel > Model Answers,10,0,5,0,10,0,2,0,NOT_STARTED,,,
English Literature,aqa-gcse-english-literature,SS1. Modern Texts,Structuring the Essay,modern-texts-structuring-the-essay,aqa-gcse-english-literature:modern-texts-structuring-the-essay,SS1. Modern Texts > Structuring the Essay,10,0,5,0,10,0,2,0,NOT_STARTED,,,
English Literature,aqa-gcse-english-literature,SS1. Modern Texts,Writer's Methods & Techniques,modern-texts-methods-techniques,aqa-gcse-english-literature:modern-texts-methods-techniques,SS1. Modern Texts > Writer's Methods & Techniques,10,0,5,0,10,0,2,0,NOT_STARTED,,,
English Literature,aqa-gcse-english-literature,SS1. Modern Texts,Context,modern-texts-context,aqa-gcse-english-literature:modern-texts-context,SS1. Modern Texts > Context,10,0,5,0,10,0,2,0,NOT_STARTED,,,
English Literature,aqa-gcse-english-literature,SS1. Modern Texts,Mark Scheme,modern-texts-mark-scheme,aqa-gcse-english-literature:modern-texts-mark-scheme,SS1. Modern Texts > Mark Scheme,10,0,5,0,10,0,2,0,NOT_STARTED,,,
English Literature,aqa-gcse-english-literature,SS1. Modern Texts,Model Answers,modern-texts-model-answers,aqa-gcse-english-literature:modern-texts-model-answers,SS1. Modern Texts > Model Answers,10,0,5,0,10,0,2,0,NOT_STARTED,,,
English Literature,aqa-gcse-english-literature,SS1. Modern Texts,An Inspector Calls: Overview,an-inspector-calls-overview,aqa-gcse-english-literature:an-inspector-calls-overview,SS1. Modern Texts > An Inspector Calls: Overview,10,0,5,0,10,0,2,0,NOT_STARTED,,,
English Literature,aqa-gcse-english-literature,SS1. Modern Texts,An Inspector Calls: Plot Summary,an-inspector-calls-plot-summary,aqa-gcse-english-literature:an-inspector-calls-plot-summary,SS1. Modern Texts > An Inspector Calls: Plot Summary,10,0,5,0,10,0,2,0,NOT_STARTED,,,
English Literature,aqa-gcse-english-literature,SS1. Modern Texts,An Inspector Calls: Themes,an-inspector-calls-themes,aqa-gcse-english-literature:an-inspector-calls-themes,SS1. Modern Texts > An Inspector Calls: Themes,10,0,5,0,10,0,2,0,NOT_STARTED,,,
English Literature,aqa-gcse-english-literature,SS1. Modern Texts,An Inspector Calls Key Theme: Guilt and Responsibility,an-inspector-calls-theme-guilt-responsibility,aqa-gcse-english-literature:an-inspector-calls-theme-guilt-responsibility,SS1. Modern Texts > An Inspector Calls Key Theme: Guilt and Responsibility,10,0,5,0,10,0,2,0,NOT_STARTED,,,
English Literature,aqa-gcse-english-literature,SS1. Modern Texts,An Inspector Calls Key Theme: Capitalism vs Socialism,an-inspector-calls-theme-capitalism-vs-socialism,aqa-gcse-english-literature:an-inspector-calls-theme-capitalism-vs-socialism,SS1. Modern Texts > An Inspector Calls Key Theme: Capitalism vs Socialism,10,0,5,0,10,0,2,0,NOT_STARTED,,,
English Literature,aqa-gcse-english-literature,SS1. Modern Texts,An Inspector Calls Key Theme: Class,an-inspector-calls-theme-class,aqa-gcse-english-literature:an-inspector-calls-theme-class,SS1. Modern Texts > An Inspector Calls Key Theme: Class,10,0,5,0,10,0,2,0,NOT_STARTED,,,
English Literature,aqa-gcse-english-literature,SS1. Modern Texts,An Inspector Calls Key Theme: Gender,an-inspector-calls-theme-gender,aqa-gcse-english-literature:an-inspector-calls-theme-gender,SS1. Modern Texts > An Inspector Calls Key Theme: Gender,10,0,5,0,10,0,2,0,NOT_STARTED,,,
English Literature,aqa-gcse-english-literature,SS1. Modern Texts,An Inspector Calls Key Theme: Generational Divide,an-inspector-calls-theme-generational-divide,aqa-gcse-english-literature:an-inspector-calls-theme-generational-divide,SS1. Modern Texts > An Inspector Calls Key Theme: Generational Divide,10,0,5,0,10,0,2,0,NOT_STARTED,,,
English Literature,aqa-gcse-english-literature,SS1. Modern Texts,An Inspector Calls: Characters,an-inspector-calls-characters,aqa-gcse-english-literature:an-inspector-calls-characters,SS1. Modern Texts > An Inspector Calls: Characters,10,0,5,0,10,0,2,0,NOT_STARTED,,,
English Literature,aqa-gcse-english-literature,SS1. Modern Texts,Inspector Goole Character Analysis,an-inspector-calls-character-inspector-goole-analysis,aqa-gcse-english-literature:an-inspector-calls-character-inspector-goole-analysis,SS1. Modern Texts > Inspector Goole Character Analysis,10,0,5,0,10,0,2,0,NOT_STARTED,,,
English Literature,aqa-gcse-english-literature,SS1. Modern Texts,Arthur Birling Character Analysis,an-inspector-calls-character-arthur-birling-analysis,aqa-gcse-english-literature:an-inspector-calls-character-arthur-birling-analysis,SS1. Modern Texts > Arthur Birling Character Analysis,10,0,5,0,10,0,2,0,NOT_STARTED,,,
English Literature,aqa-gcse-english-literature,SS1. Modern Texts,Sybil Birling Character Analysis,an-inspector-calls-character-sybil-birling-analysis,aqa-gcse-english-literature:an-inspector-calls-character-sybil-birling-analysis,SS1. Modern Texts > Sybil Birling Character Analysis,10,0,5,0,10,0,2,0,NOT_STARTED,,,
English Literature,aqa-gcse-english-literature,SS1. Modern Texts,Sheila Birling Character Analysis,an-inspector-calls-character-sheila-birling-analysis,aqa-gcse-english-literature:an-inspector-calls-character-sheila-birling-analysis,SS1. Modern Texts > Sheila Birling Character Analysis,10,0,5,0,10,0,2,0,NOT_STARTED,,,
English Literature,aqa-gcse-english-literature,SS1. Modern Texts,Eric Birling Character Analysis,an-inspector-calls-character-eric-birling-analysis,aqa-gcse-english-literature:an-inspector-calls-character-eric-birling-analysis,SS1. Modern Texts > Eric Birling Character Analysis,10,0,5,0,10,0,2,0,NOT_STARTED,,,
English Literature,aqa-gcse-english-literature,SS1. Modern Texts,Gerald Croft Character Analysis,an-inspector-calls-character-gerald-croft-analysis,aqa-gcse-english-literature:an-inspector-calls-character-gerald-croft-analysis,SS1. Modern Texts > Gerald Croft Character Analysis,10,0,5,0,10,0,2,0,NOT_STARTED,,,
English Literature,aqa-gcse-english-literature,SS1. Modern Texts,Eva Smith Character Analysis,an-inspector-calls-character-eva-smith-analysis,aqa-gcse-english-literature:an-inspector-calls-character-eva-smith-analysis,SS1. Modern Texts > Eva Smith Character Analysis,10,0,5,0,10,0,2,0,NOT_STARTED,,,
English Literature,aqa-gcse-english-literature,SS1. Modern Texts,An Inspector Calls: Context,an-inspector-calls-context,aqa-gcse-english-literature:an-inspector-calls-context,SS1. Modern Texts > An Inspector Calls: Context,10,0,5,0,10,0,2,0,NOT_STARTED,,,
English Literature,aqa-gcse-english-literature,SS1. Modern Texts,An Inspector Calls: Writer's Methods & Techniques,an-inspector-calls-methods-techniques,aqa-gcse-english-literature:an-inspector-calls-methods-techniques,SS1. Modern Texts > An Inspector Calls: Writer's Methods & Techniques,10,0,5,0,10,0,2,0,NOT_STARTED,,,
English Literature,aqa-gcse-english-literature,SS1. Modern Texts,An Inspector Calls: Key Quotations,an-inspector-calls-key-quotations,aqa-gcse-english-literature:an-inspector-calls-key-quotations,SS1. Modern Texts > An Inspector Calls: Key Quotations,10,0,5,0,10,0,2,0,NOT_STARTED,,,
English Literature,aqa-gcse-english-literature,SS1. Modern Texts,An Inspector Calls: Character Quotations,an-inspector-calls-character-quotations,aqa-gcse-english-literature:an-inspector-calls-character-quotations,SS1. Modern Texts > An Inspector Calls: Character Quotations,10,0,5,0,10,0,2,0,NOT_STARTED,,,
English Literature,aqa-gcse-english-literature,SS1. Modern Texts,Blood Brothers: Overview,blood-brothers-overview,aqa-gcse-english-literature:blood-brothers-overview,SS1. Modern Texts > Blood Brothers: Overview,10,0,5,0,10,0,2,0,NOT_STARTED,,,
English Literature,aqa-gcse-english-literature,SS1. Modern Texts,Blood Brothers: Plot Summary,blood-brothers-plot-summary,aqa-gcse-english-literature:blood-brothers-plot-summary,SS1. Modern Texts > Blood Brothers: Plot Summary,10,0,5,0,10,0,2,0,NOT_STARTED,,,
English Literature,aqa-gcse-english-literature,SS1. Modern Texts,Blood Brothers: Themes,blood-brothers-themes,aqa-gcse-english-literature:blood-brothers-themes,SS1. Modern Texts > Blood Brothers: Themes,10,0,5,0,10,0,2,0,NOT_STARTED,,,
English Literature,aqa-gcse-english-literature,SS1. Modern Texts,Blood Brothers Key Theme: Nature vs Nurture,blood-brothers-theme-nature-vs-nurture,aqa-gcse-english-literature:blood-brothers-theme-nature-vs-nurture,SS1. Modern Texts > Blood Brothers Key Theme: Nature vs Nurture,10,0,5,0,10,0,2,0,NOT_STARTED,,,
English Literature,aqa-gcse-english-literature,SS1. Modern Texts,Blood Brothers Key Theme: Social Class,blood-brothers-theme-social-class,aqa-gcse-english-literature:blood-brothers-theme-social-class,SS1. Modern Texts > Blood Brothers Key Theme: Social Class,10,0,5,0,10,0,2,0,NOT_STARTED,,,
English Literature,aqa-gcse-english-literature,SS1. Modern Texts,Blood Brothers Key Theme: Superstition and Fate,blood-brothers-theme-superstition-fate,aqa-gcse-english-literature:blood-brothers-theme-superstition-fate,SS1. Modern Texts > Blood Brothers Key Theme: Superstition and Fate,10,0,5,0,10,0,2,0,NOT_STARTED,,,
English Literature,aqa-gcse-english-literature,SS1. Modern Texts,Blood Brothers Key Theme: Violence,blood-brothers-theme-violence,aqa-gcse-english-literature:blood-brothers-theme-violence,SS1. Modern Texts > Blood Brothers Key Theme: Violence,10,0,5,0,10,0,2,0,NOT_STARTED,,,
English Literature,aqa-gcse-english-literature,SS1. Modern Texts,Blood Brothers: Characters,blood-brothers-characters,aqa-gcse-english-literature:blood-brothers-characters,SS1. Modern Texts > Blood Brothers: Characters,10,0,5,0,10,0,2,0,NOT_STARTED,,,
English Literature,aqa-gcse-english-literature,SS1. Modern Texts,Blood Brothers: The Narrator Character Analysis,blood-brothers-character-narrator-analysis,aqa-gcse-english-literature:blood-brothers-character-narrator-analysis,SS1. Modern Texts > Blood Brothers: The Narrator Character Analysis,10,0,5,0,10,0,2,0,NOT_STARTED,,,
English Literature,aqa-gcse-english-literature,SS1. Modern Texts,Blood Brothers: Mrs Johnstone Character Analysis,blood-brothers-character-mrs-johnstone-analysis,aqa-gcse-english-literature:blood-brothers-character-mrs-johnstone-analysis,SS1. Modern Texts > Blood Brothers: Mrs Johnstone Character Analysis,10,0,5,0,10,0,2,0,NOT_STARTED,,,
English Literature,aqa-gcse-english-literature,SS1. Modern Texts,Blood Brothers: Mickey Johnstone Character Analysis,blood-brothers-character-mickey-johnstone-analysis,aqa-gcse-english-literature:blood-brothers-character-mickey-johnstone-analysis,SS1. Modern Texts > Blood Brothers: Mickey Johnstone Character Analysis,10,0,5,0,10,0,2,0,NOT_STARTED,,,
English Literature,aqa-gcse-english-literature,SS1. Modern Texts,Blood Brothers: Edward Lyons Character Analysis,blood-brothers-character-edward-lyons-analysis,aqa-gcse-english-literature:blood-brothers-character-edward-lyons-analysis,SS1. Modern Texts > Blood Brothers: Edward Lyons Character Analysis,10,0,5,0,10,0,2,0,NOT_STARTED,,,
English Literature,aqa-gcse-english-literature,SS1. Modern Texts,Blood Brothers: Linda Character Analysis,blood-brothers-character-linda-analysis,aqa-gcse-english-literature:blood-brothers-character-linda-analysis,SS1. Modern Texts > Blood Brothers: Linda Character Analysis,10,0,5,0,10,0,2,0,NOT_STARTED,,,
English Literature,aqa-gcse-english-literature,SS1. Modern Texts,Blood Brothers: Context,blood-brothers-context,aqa-gcse-english-literature:blood-brothers-context,SS1. Modern Texts > Blood Brothers: Context,10,0,5,0,10,0,2,0,NOT_STARTED,,,
English Literature,aqa-gcse-english-literature,SS1. Modern Texts,Blood Brothers: Writer's Methods & Techniques,blood-brothers-methods-techniques,aqa-gcse-english-literature:blood-brothers-methods-techniques,SS1. Modern Texts > Blood Brothers: Writer's Methods & Techniques,10,0,5,0,10,0,2,0,NOT_STARTED,,,
English Literature,aqa-gcse-english-literature,SS1. Modern Texts,Blood Brothers: Key Quotations,blood-brothers-key-quotations,aqa-gcse-english-literature:blood-brothers-key-quotations,SS1. Modern Texts > Blood Brothers: Key Quotations,10,0,5,0,10,0,2,0,NOT_STARTED,,,
English Literature,aqa-gcse-english-literature,SS1. Modern Texts,Blood Brothers: Character Quotations,blood-brothers-character-quotations,aqa-gcse-english-literature:blood-brothers-character-quotations,SS1. Modern Texts > Blood Brothers: Character Quotations,10,0,5,0,10,0,2,0,NOT_STARTED,,,
English Literature,aqa-gcse-english-literature,SS1. Modern Texts,Lord of the Flies: Overview,lord-of-the-flies-overview,aqa-gcse-english-literature:lord-of-the-flies-overview,SS1. Modern Texts > Lord of the Flies: Overview,10,0,5,0,10,0,2,0,NOT_STARTED,,,
English Literature,aqa-gcse-english-literature,SS1. Modern Texts,Lord of the Flies: Plot Summary,lord-of-the-flies-plot-summary,aqa-gcse-english-literature:lord-of-the-flies-plot-summary,SS1. Modern Texts > Lord of the Flies: Plot Summary,10,0,5,0,10,0,2,0,NOT_STARTED,,,
English Literature,aqa-gcse-english-literature,SS1. Modern Texts,Lord of the Flies: Themes,lord-of-the-flies-themes,aqa-gcse-english-literature:lord-of-the-flies-themes,SS1. Modern Texts > Lord of the Flies: Themes,10,0,5,0,10,0,2,0,NOT_STARTED,,,
English Literature,aqa-gcse-english-literature,SS1. Modern Texts,Lord of the Flies Key Theme: Civilisation versus Savagery,lord-of-the-flies-theme-civilisation-vs-savagery,aqa-gcse-english-literature:lord-of-the-flies-theme-civilisation-vs-savagery,SS1. Modern Texts > Lord of the Flies Key Theme: Civilisation versus Savagery,10,0,5,0,10,0,2,0,NOT_STARTED,,,
English Literature,aqa-gcse-english-literature,SS1. Modern Texts,Lord of the Flies Key Theme: Good versus Evil,lord-of-the-flies-theme-good-vs-evil,aqa-gcse-english-literature:lord-of-the-flies-theme-good-vs-evil,SS1. Modern Texts > Lord of the Flies Key Theme: Good versus Evil,10,0,5,0,10,0,2,0,NOT_STARTED,,,
English Literature,aqa-gcse-english-literature,SS1. Modern Texts,Lord of the Flies Key Theme: Religion,lord-of-the-flies-theme-religion,aqa-gcse-english-literature:lord-of-the-flies-theme-religion,SS1. Modern Texts > Lord of the Flies Key Theme: Religion,10,0,5,0,10,0,2,0,NOT_STARTED,,,
English Literature,aqa-gcse-english-literature,SS1. Modern Texts,Lord of the Flies Key Theme: Power and Leadership,lord-of-the-flies-theme-power-leadership,aqa-gcse-english-literature:lord-of-the-flies-theme-power-leadership,SS1. Modern Texts > Lord of the Flies Key Theme: Power and Leadership,10,0,5,0,10,0,2,0,NOT_STARTED,,,
English Literature,aqa-gcse-english-literature,SS1. Modern Texts,Lord of the Flies: Characters,lord-of-the-flies-characters,aqa-gcse-english-literature:lord-of-the-flies-characters,SS1. Modern Texts > Lord of the Flies: Characters,10,0,5,0,10,0,2,0,NOT_STARTED,,,
English Literature,aqa-gcse-english-literature,SS1. Modern Texts,Lord of the Flies: Ralph Character Analysis,lord-of-the-flies-character-ralph-analysis,aqa-gcse-english-literature:lord-of-the-flies-character-ralph-analysis,SS1. Modern Texts > Lord of the Flies: Ralph Character Analysis,10,0,5,0,10,0,2,0,NOT_STARTED,,,
English Literature,aqa-gcse-english-literature,SS1. Modern Texts,Lord of the Flies: Piggy Character Analysis,lord-of-the-flies-character-piggy-analysis,aqa-gcse-english-literature:lord-of-the-flies-character-piggy-analysis,SS1. Modern Texts > Lord of the Flies: Piggy Character Analysis,10,0,5,0,10,0,2,0,NOT_STARTED,,,
English Literature,aqa-gcse-english-literature,SS1. Modern Texts,Lord of the Flies: Simon Character Analysis,lord-of-the-flies-character-simon-analysis,aqa-gcse-english-literature:lord-of-the-flies-character-simon-analysis,SS1. Modern Texts > Lord of the Flies: Simon Character Analysis,10,0,5,0,10,0,2,0,NOT_STARTED,,,
English Literature,aqa-gcse-english-literature,SS1. Modern Texts,Lord of the Flies: Jack Character Analysis,lord-of-the-flies-character-jack-analysis,aqa-gcse-english-literature:lord-of-the-flies-character-jack-analysis,SS1. Modern Texts > Lord of the Flies: Jack Character Analysis,10,0,5,0,10,0,2,0,NOT_STARTED,,,
English Literature,aqa-gcse-english-literature,SS1. Modern Texts,Lord of the Flies: Roger Character Analysis,lord-of-the-flies-character-roger-analysis,aqa-gcse-english-literature:lord-of-the-flies-character-roger-analysis,SS1. Modern Texts > Lord of the Flies: Roger Character Analysis,10,0,5,0,10,0,2,0,NOT_STARTED,,,
English Literature,aqa-gcse-english-literature,SS1. Modern Texts,Lord of the Flies: Context,lord-of-the-flies-context,aqa-gcse-english-literature:lord-of-the-flies-context,SS1. Modern Texts > Lord of the Flies: Context,10,0,5,0,10,0,2,0,NOT_STARTED,,,
English Literature,aqa-gcse-english-literature,SS1. Modern Texts,Lord of the Flies: Writer's Methods and Techniques,lord-of-the-flies-methods-techniques,aqa-gcse-english-literature:lord-of-the-flies-methods-techniques,SS1. Modern Texts > Lord of the Flies: Writer's Methods and Techniques,10,0,5,0,10,0,2,0,NOT_STARTED,,,
English Literature,aqa-gcse-english-literature,SS1. Modern Texts,Lord of the Flies: Key Quotations,lord-of-the-flies-key-quotations,aqa-gcse-english-literature:lord-of-the-flies-key-quotations,SS1. Modern Texts > Lord of the Flies: Key Quotations,10,0,5,0,10,0,2,0,NOT_STARTED,,,
English Literature,aqa-gcse-english-literature,SS1. Modern Texts,Lord of the Flies: Character Quotations,lord-of-the-flies-character-quotations,aqa-gcse-english-literature:lord-of-the-flies-character-quotations,SS1. Modern Texts > Lord of the Flies: Character Quotations,10,0,5,0,10,0,2,0,NOT_STARTED,,,
English Literature,aqa-gcse-english-literature,SS1. Modern Texts,Animal Farm: Overview,animal-farm-overview,aqa-gcse-english-literature:animal-farm-overview,SS1. Modern Texts > Animal Farm: Overview,10,0,5,0,10,0,2,0,NOT_STARTED,,,
English Literature,aqa-gcse-english-literature,SS1. Modern Texts,Animal Farm: Plot Summary,animal-farm-plot-summary,aqa-gcse-english-literature:animal-farm-plot-summary,SS1. Modern Texts > Animal Farm: Plot Summary,10,0,5,0,10,0,2,0,NOT_STARTED,,,
English Literature,aqa-gcse-english-literature,SS1. Modern Texts,Animal Farm: Themes,animal-farm-themes,aqa-gcse-english-literature:animal-farm-themes,SS1. Modern Texts > Animal Farm: Themes,10,0,5,0,10,0,2,0,NOT_STARTED,,,
English Literature,aqa-gcse-english-literature,SS1. Modern Texts,Animal Farm: Key Theme: Propaganda,animal-farm-theme-propaganda,aqa-gcse-english-literature:animal-farm-theme-propaganda,SS1. Modern Texts > Animal Farm: Key Theme: Propaganda,10,0,5,0,10,0,2,0,NOT_STARTED,,,
English Literature,aqa-gcse-english-literature,SS1. Modern Texts,Animal Farm: Key Theme: Education,animal-farm-theme-education,aqa-gcse-english-literature:animal-farm-theme-education,SS1. Modern Texts > Animal Farm: Key Theme: Education,10,0,5,0,10,0,2,0,NOT_STARTED,,,
English Literature,aqa-gcse-english-literature,SS1. Modern Texts,Animal Farm: Key Theme: Equality,animal-farm-theme-equality,aqa-gcse-english-literature:animal-farm-theme-equality,SS1. Modern Texts > Animal Farm: Key Theme: Equality,10,0,5,0,10,0,2,0,NOT_STARTED,,,
English Literature,aqa-gcse-english-literature,SS1. Modern Texts,Animal Farm: Key Theme: Leadership,animal-farm-theme-leadership,aqa-gcse-english-literature:animal-farm-theme-leadership,SS1. Modern Texts > Animal Farm: Key Theme: Leadership,10,0,5,0,10,0,2,0,NOT_STARTED,,,
English Literature,aqa-gcse-english-literature,SS1. Modern Texts,Animal Farm: Characters,animal-farm-characters,aqa-gcse-english-literature:animal-farm-characters,SS1. Modern Texts > Animal Farm: Characters,10,0,5,0,10,0,2,0,NOT_STARTED,,,
English Literature,aqa-gcse-english-literature,SS1. Modern Texts,Animal Farm: Old Major Character Analysis,animal-farm-character-old-major-analysis,aqa-gcse-english-literature:animal-farm-character-old-major-analysis,SS1. Modern Texts > Animal Farm: Old Major Character Analysis,10,0,5,0,10,0,2,0,NOT_STARTED,,,
English Literature,aqa-gcse-english-literature,SS1. Modern Texts,Animal Farm: Napoleon Character Analysis,animal-farm-character-napoleon-analysis,aqa-gcse-english-literature:animal-farm-character-napoleon-analysis,SS1. Modern Texts > Animal Farm: Napoleon Character Analysis,10,0,5,0,10,0,2,0,NOT_STARTED,,,
English Literature,aqa-gcse-english-literature,SS1. Modern Texts,Animal Farm: Snowball Character Analysis,animal-farm-character-snowball-analysis,aqa-gcse-english-literature:animal-farm-character-snowball-analysis,SS1. Modern Texts > Animal Farm: Snowball Character Analysis,10,0,5,0,10,0,2,0,NOT_STARTED,,,
English Literature,aqa-gcse-english-literature,SS1. Modern Texts,Animal Farm: Squealer Character Analysis,animal-farm-character-squealer-analysis,aqa-gcse-english-literature:animal-farm-character-squealer-analysis,SS1. Modern Texts > Animal Farm: Squealer Character Analysis,10,0,5,0,10,0,2,0,NOT_STARTED,,,
English Literature,aqa-gcse-english-literature,SS1. Modern Texts,Animal Farm: Boxer Character Analysis,animal-farm-character-boxer-analysis,aqa-gcse-english-literature:animal-farm-character-boxer-analysis,SS1. Modern Texts > Animal Farm: Boxer Character Analysis,10,0,5,0,10,0,2,0,NOT_STARTED,,,
English Literature,aqa-gcse-english-literature,SS1. Modern Texts,Animal Farm: Context,animal-farm-context,aqa-gcse-english-literature:animal-farm-context,SS1. Modern Texts > Animal Farm: Context,10,0,5,0,10,0,2,0,NOT_STARTED,,,
English Literature,aqa-gcse-english-literature,SS1. Modern Texts,Animal Farm: Writer's Methods and Techniques,animal-farm-methods-techniques,aqa-gcse-english-literature:animal-farm-methods-techniques,SS1. Modern Texts > Animal Farm: Writer's Methods and Techniques,10,0,5,0,10,0,2,0,NOT_STARTED,,,
English Literature,aqa-gcse-english-literature,SS1. Modern Texts,Animal Farm: Key Quotations,animal-farm-key-quotations,aqa-gcse-english-literature:animal-farm-key-quotations,SS1. Modern Texts > Animal Farm: Key Quotations,10,0,5,0,10,0,2,0,NOT_STARTED,,,
English Literature,aqa-gcse-english-literature,SS1. Modern Texts,Animal Farm: Character Quotations,animal-farm-character-quotations,aqa-gcse-english-literature:animal-farm-character-quotations,SS1. Modern Texts > Animal Farm: Character Quotations,10,0,5,0,10,0,2,0,NOT_STARTED,,,
English Literature,aqa-gcse-english-literature,SS1. Modern Texts,Anita and Me: Plot Summary,anita-and-me-plot-summary,aqa-gcse-english-literature:anita-and-me-plot-summary,SS1. Modern Texts > Anita and Me: Plot Summary,10,0,5,0,10,0,2,0,NOT_STARTED,,,
English Literature,aqa-gcse-english-literature,SS1. Modern Texts,Anita and Me: Themes,anita-and-me-themes,aqa-gcse-english-literature:anita-and-me-themes,SS1. Modern Texts > Anita and Me: Themes,10,0,5,0,10,0,2,0,NOT_STARTED,,,
English Literature,aqa-gcse-english-literature,SS1. Modern Texts,Anita and Me: Characters,anita-and-me-characters,aqa-gcse-english-literature:anita-and-me-characters,SS1. Modern Texts > Anita and Me: Characters,10,0,5,0,10,0,2,0,NOT_STARTED,,,
English Literature,aqa-gcse-english-literature,SS1. Modern Texts,Anita and Me: Context,anita-and-me-context,aqa-gcse-english-literature:anita-and-me-context,SS1. Modern Texts > Anita and Me: Context,10,0,5,0,10,0,2,0,NOT_STARTED,,,
English Literature,aqa-gcse-english-literature,SS1. Modern Texts,Anita and Me: Writer's Methods and Techniques,anita-and-me-methods-techniques,aqa-gcse-english-literature:anita-and-me-methods-techniques,SS1. Modern Texts > Anita and Me: Writer's Methods and Techniques,10,0,5,0,10,0,2,0,NOT_STARTED,,,
English Literature,aqa-gcse-english-literature,SS1. Modern Texts,Anita and Me: Key Quotations,anita-and-me-key-quotations,aqa-gcse-english-literature:anita-and-me-key-quotations,SS1. Modern Texts > Anita and Me: Key Quotations,10,0,5,0,10,0,2,0,NOT_STARTED,,,
English Literature,aqa-gcse-english-literature,SS1. Modern Texts,Anita and Me: Character Quotations,anita-and-me-character-quotations,aqa-gcse-english-literature:anita-and-me-character-quotations,SS1. Modern Texts > Anita and Me: Character Quotations,10,0,5,0,10,0,2,0,NOT_STARTED,,,
English Literature,aqa-gcse-english-literature,SS1. Modern Texts,DNA: Plot Summary,dna-plot-summary,aqa-gcse-english-literature:dna-plot-summary,SS1. Modern Texts > DNA: Plot Summary,10,0,5,0,10,0,2,0,NOT_STARTED,,,
English Literature,aqa-gcse-english-literature,SS1. Modern Texts,DNA: Themes,dna-themes,aqa-gcse-english-literature:dna-themes,SS1. Modern Texts > DNA: Themes,10,0,5,0,10,0,2,0,NOT_STARTED,,,
English Literature,aqa-gcse-english-literature,SS1. Modern Texts,DNA: Characters,dna-characters,aqa-gcse-english-literature:dna-characters,SS1. Modern Texts > DNA: Characters,10,0,5,0,10,0,2,0,NOT_STARTED,,,
English Literature,aqa-gcse-english-literature,SS1. Modern Texts,DNA: Context,dna-context,aqa-gcse-english-literature:dna-context,SS1. Modern Texts > DNA: Context,10,0,5,0,10,0,2,0,NOT_STARTED,,,
English Literature,aqa-gcse-english-literature,SS1. Modern Texts,DNA: Writer's Methods and Techniques,dna-methods-techniques,aqa-gcse-english-literature:dna-methods-techniques,SS1. Modern Texts > DNA: Writer's Methods and Techniques,10,0,5,0,10,0,2,0,NOT_STARTED,,,
English Literature,aqa-gcse-english-literature,SS1. Modern Texts,DNA: Key Quotations,dna-key-quotations,aqa-gcse-english-literature:dna-key-quotations,SS1. Modern Texts > DNA: Key Quotations,10,0,5,0,10,0,2,0,NOT_STARTED,,,
English Literature,aqa-gcse-english-literature,SS1. Modern Texts,DNA: Character Quotations,dna-character-quotations,aqa-gcse-english-literature:dna-character-quotations,SS1. Modern Texts > DNA: Character Quotations,10,0,5,0,10,0,2,0,NOT_STARTED,,,
English Literature,aqa-gcse-english-literature,SS1. Modern Texts,Leave Taking: Plot Summary,leave-taking-plot-summary,aqa-gcse-english-literature:leave-taking-plot-summary,SS1. Modern Texts > Leave Taking: Plot Summary,10,0,5,0,10,0,2,0,NOT_STARTED,,,
English Literature,aqa-gcse-english-literature,SS1. Modern Texts,Leave Taking: Themes,leave-taking-themes,aqa-gcse-english-literature:leave-taking-themes,SS1. Modern Texts > Leave Taking: Themes,10,0,5,0,10,0,2,0,NOT_STARTED,,,
English Literature,aqa-gcse-english-literature,SS1. Modern Texts,Leave Taking: Characters,leave-taking-characters,aqa-gcse-english-literature:leave-taking-characters,SS1. Modern Texts > Leave Taking: Characters,10,0,5,0,10,0,2,0,NOT_STARTED,,,
English Literature,aqa-gcse-english-literature,SS1. Modern Texts,Leave Taking: Context,leave-taking-context,aqa-gcse-english-literature:leave-taking-context,SS1. Modern Texts > Leave Taking: Context,10,0,5,0,10,0,2,0,NOT_STARTED,,,
English Literature,aqa-gcse-english-literature,SS1. Modern Texts,Leave Taking: Writer's Methods and Techniques,leave-taking-methods-techniques,aqa-gcse-english-literature:leave-taking-methods-techniques,SS1. Modern Texts > Leave Taking: Writer's Methods and Techniques,10,0,5,0,10,0,2,0,NOT_STARTED,,,
English Literature,aqa-gcse-english-literature,SS1. Modern Texts,Leave Taking: Key Theme Quotations,leave-taking-key-theme-quotations,aqa-gcse-english-literature:leave-taking-key-theme-quotations,SS1. Modern Texts > Leave Taking: Key Theme Quotations,10,0,5,0,10,0,2,0,NOT_STARTED,,,
English Literature,aqa-gcse-english-literature,SS1. Modern Texts,Leave Taking: Character Quotations,leave-taking-character-quotations,aqa-gcse-english-literature:leave-taking-character-quotations,SS1. Modern Texts > Leave Taking: Character Quotations,10,0,5,0,10,0,2,0,NOT_STARTED,,,
English Literature,aqa-gcse-english-literature,SS1. Modern Texts,Pigeon English: Plot Summary,pigeon-english-plot-summary,aqa-gcse-english-literature:pigeon-english-plot-summary,SS1. Modern Texts > Pigeon English: Plot Summary,10,0,5,0,10,0,2,0,NOT_STARTED,,,
English Literature,aqa-gcse-english-literature,SS1. Modern Texts,Pigeon English: Themes,pigeon-english-themes,aqa-gcse-english-literature:pigeon-english-themes,SS1. Modern Texts > Pigeon English: Themes,10,0,5,0,10,0,2,0,NOT_STARTED,,,
English Literature,aqa-gcse-english-literature,SS1. Modern Texts,Pigeon English: Characters,pigeon-english-characters,aqa-gcse-english-literature:pigeon-english-characters,SS1. Modern Texts > Pigeon English: Characters,10,0,5,0,10,0,2,0,NOT_STARTED,,,
English Literature,aqa-gcse-english-literature,SS1. Modern Texts,Pigeon English: Context,pigeon-english-context,aqa-gcse-english-literature:pigeon-english-context,SS1. Modern Texts > Pigeon English: Context,10,0,5,0,10,0,2,0,NOT_STARTED,,,
English Literature,aqa-gcse-english-literature,SS1. Modern Texts,Pigeon English: Writer's Methods and Techniques,pigeon-english-methods-techniques,aqa-gcse-english-literature:pigeon-english-methods-techniques,SS1. Modern Texts > Pigeon English: Writer's Methods and Techniques,10,0,5,0,10,0,2,0,NOT_STARTED,,,
English Literature,aqa-gcse-english-literature,SS1. Modern Texts,Pigeon English: Key Quotations,pigeon-english-key-quotations,aqa-gcse-english-literature:pigeon-english-key-quotations,SS1. Modern Texts > Pigeon English: Key Quotations,10,0,5,0,10,0,2,0,NOT_STARTED,,,
English Literature,aqa-gcse-english-literature,SS1. Modern Texts,Pigeon English: Character Quotations,pigeon-english-character-quotations,aqa-gcse-english-literature:pigeon-english-character-quotations,SS1. Modern Texts > Pigeon English: Character Quotations,10,0,5,0,10,0,2,0,NOT_STARTED,,,
English Literature,aqa-gcse-english-literature,SS1. Modern Texts,Princess & The Hustler: Plot Summary,princess-and-the-hustler-plot-summary,aqa-gcse-english-literature:princess-and-the-hustler-plot-summary,SS1. Modern Texts > Princess & The Hustler: Plot Summary,10,0,5,0,10,0,2,0,NOT_STARTED,,,
English Literature,aqa-gcse-english-literature,SS1. Modern Texts,Princess & The Hustler: Themes,princess-and-the-hustler-themes,aqa-gcse-english-literature:princess-and-the-hustler-themes,SS1. Modern Texts > Princess & The Hustler: Themes,10,0,5,0,10,0,2,0,NOT_STARTED,,,
English Literature,aqa-gcse-english-literature,SS1. Modern Texts,Princess & The Hustler: Characters,princess-and-the-hustler-characters,aqa-gcse-english-literature:princess-and-the-hustler-characters,SS1. Modern Texts > Princess & The Hustler: Characters,10,0,5,0,10,0,2,0,NOT_STARTED,,,
English Literature,aqa-gcse-english-literature,SS1. Modern Texts,Princess & The Hustler: Context,princess-and-the-hustler-context,aqa-gcse-english-literature:princess-and-the-hustler-context,SS1. Modern Texts > Princess & The Hustler: Context,10,0,5,0,10,0,2,0,NOT_STARTED,,,
English Literature,aqa-gcse-english-literature,SS1. Modern Texts,Princess & The Hustler: Writer's Methods and Techniques,princess-and-the-hustler-methods-techniques,aqa-gcse-english-literature:princess-and-the-hustler-methods-techniques,SS1. Modern Texts > Princess & The Hustler: Writer's Methods and Techniques,10,0,5,0,10,0,2,0,NOT_STARTED,,,
English Literature,aqa-gcse-english-literature,SS1. Modern Texts,Princess & The Hustler: Key Quotations,princess-and-the-hustler-key-quotations,aqa-gcse-english-literature:princess-and-the-hustler-key-quotations,SS1. Modern Texts > Princess & The Hustler: Key Quotations,10,0,5,0,10,0,2,0,NOT_STARTED,,,
English Literature,aqa-gcse-english-literature,SS1. Modern Texts,Princess & The Hustler: Character Quotations,princess-and-the-hustler-character-quotations,aqa-gcse-english-literature:princess-and-the-hustler-character-quotations,SS1. Modern Texts > Princess & The Hustler: Character Quotations,10,0,5,0,10,0,2,0,NOT_STARTED,,,
English Literature,aqa-gcse-english-literature,SS1. Modern Texts,My Name is Leon: Plot Summary,my-name-is-leon-plot-summary,aqa-gcse-english-literature:my-name-is-leon-plot-summary,SS1. Modern Texts > My Name is Leon: Plot Summary,10,0,5,0,10,0,2,0,NOT_STARTED,,,
English Literature,aqa-gcse-english-literature,SS1. Modern Texts,My Name is Leon: Themes,my-name-is-leon-themes,aqa-gcse-english-literature:my-name-is-leon-themes,SS1. Modern Texts > My Name is Leon: Themes,10,0,5,0,10,0,2,0,NOT_STARTED,,,
English Literature,aqa-gcse-english-literature,SS1. Modern Texts,My Name is Leon: Characters,my-name-is-leon-characters,aqa-gcse-english-literature:my-name-is-leon-characters,SS1. Modern Texts > My Name is Leon: Characters,10,0,5,0,10,0,2,0,NOT_STARTED,,,
English Literature,aqa-gcse-english-literature,SS1. Modern Texts,My Name is Leon: Context,my-name-is-leon-context,aqa-gcse-english-literature:my-name-is-leon-context,SS1. Modern Texts > My Name is Leon: Context,10,0,5,0,10,0,2,0,NOT_STARTED,,,
English Literature,aqa-gcse-english-literature,SS1. Modern Texts,My Name is Leon: Writer's Methods and Techniques,my-name-is-leon-methods-techniques,aqa-gcse-english-literature:my-name-is-leon-methods-techniques,SS1. Modern Texts > My Name is Leon: Writer's Methods and Techniques,10,0,5,0,10,0,2,0,NOT_STARTED,,,
English Literature,aqa-gcse-english-literature,SS1. Modern Texts,My Name is Leon: Key Quotations,my-name-is-leon-key-quotations,aqa-gcse-english-literature:my-name-is-leon-key-quotations,SS1. Modern Texts > My Name is Leon: Key Quotations,10,0,5,0,10,0,2,0,NOT_STARTED,,,
English Literature,aqa-gcse-english-literature,SS1. Modern Texts,My Name is Leon: Character Quotations,my-name-is-leon-character-quotations,aqa-gcse-english-literature:my-name-is-leon-character-quotations,SS1. Modern Texts > My Name is Leon: Character Quotations,10,0,5,0,10,0,2,0,NOT_STARTED,,,
English Literature,aqa-gcse-english-literature,SS1. Modern Texts,A Taste of Honey: Plot Summary,a-taste-of-honey-plot-summary,aqa-gcse-english-literature:a-taste-of-honey-plot-summary,SS1. Modern Texts > A Taste of Honey: Plot Summary,10,0,5,0,10,0,2,0,NOT_STARTED,,,
English Literature,aqa-gcse-english-literature,SS1. Modern Texts,A Taste of Honey: Themes,a-taste-of-honey-themes,aqa-gcse-english-literature:a-taste-of-honey-themes,SS1. Modern Texts > A Taste of Honey: Themes,10,0,5,0,10,0,2,0,NOT_STARTED,,,
English Literature,aqa-gcse-english-literature,SS1. Modern Texts,A Taste of Honey: Characters,a-taste-of-honey-characters,aqa-gcse-english-literature:a-taste-of-honey-characters,SS1. Modern Texts > A Taste of Honey: Characters,10,0,5,0,10,0,2,0,NOT_STARTED,,,
English Literature,aqa-gcse-english-literature,SS1. Modern Texts,A Taste of Honey: Context,a-taste-of-honey-context,aqa-gcse-english-literature:a-taste-of-honey-context,SS1. Modern Texts > A Taste of Honey: Context,10,0,5,0,10,0,2,0,NOT_STARTED,,,
English Literature,aqa-gcse-english-literature,SS1. Modern Texts,A Taste of Honey: Writer's Methods and Techniques,a-taste-of-honey-methods-techniques,aqa-gcse-english-literature:a-taste-of-honey-methods-techniques,SS1. Modern Texts > A Taste of Honey: Writer's Methods and Techniques,10,0,5,0,10,0,2,0,NOT_STARTED,,,
English Literature,aqa-gcse-english-literature,SS1. Modern Texts,A Taste of Honey: Key Quotations,a-taste-of-honey-key-quotations,aqa-gcse-english-literature:a-taste-of-honey-key-quotations,SS1. Modern Texts > A Taste of Honey: Key Quotations,10,0,5,0,10,0,2,0,NOT_STARTED,,,
English Literature,aqa-gcse-english-literature,SS1. Modern Texts,A Taste of Honey: Character Quotations,a-taste-of-honey-character-quotations,aqa-gcse-english-literature:a-taste-of-honey-character-quotations,SS1. Modern Texts > A Taste of Honey: Character Quotations,10,0,5,0,10,0,2,0,NOT_STARTED,,,
English Literature,aqa-gcse-english-literature,SS1. The Poetry Anthology,Structuring the Essay,poetry-anthology-structuring-the-essay,aqa-gcse-english-literature:poetry-anthology-structuring-the-essay,SS1. The Poetry Anthology > Structuring the Essay,10,0,5,0,10,0,2,0,NOT_STARTED,,,
English Literature,aqa-gcse-english-literature,SS1. The Poetry Anthology,Writer's Methods & Techniques,poetry-anthology-methods-techniques,aqa-gcse-english-literature:poetry-anthology-methods-techniques,SS1. The Poetry Anthology > Writer's Methods & Techniques,10,0,5,0,10,0,2,0,NOT_STARTED,,,
English Literature,aqa-gcse-english-literature,SS1. The Poetry Anthology,Context,poetry-anthology-context,aqa-gcse-english-literature:poetry-anthology-context,SS1. The Poetry Anthology > Context,10,0,5,0,10,0,2,0,NOT_STARTED,,,
English Literature,aqa-gcse-english-literature,SS1. The Poetry Anthology,Mark Scheme,poetry-anthology-mark-scheme,aqa-gcse-english-literature:poetry-anthology-mark-scheme,SS1. The Poetry Anthology > Mark Scheme,10,0,5,0,10,0,2,0,NOT_STARTED,,,
English Literature,aqa-gcse-english-literature,SS1. The Poetry Anthology,Model Answers,poetry-anthology-model-answers,aqa-gcse-english-literature:poetry-anthology-model-answers,SS1. The Poetry Anthology > Model Answers,10,0,5,0,10,0,2,0,NOT_STARTED,,,
English Literature,aqa-gcse-english-literature,SS1. The Poetry Anthology,Power & Conflict: Overview,poetry-power-and-conflict-overview,aqa-gcse-english-literature:poetry-power-and-conflict-overview,SS1. The Poetry Anthology > Power & Conflict: Overview,10,0,5,0,10,0,2,0,NOT_STARTED,,,
English Literature,aqa-gcse-english-literature,SS1. The Poetry Anthology,Ozymandias,poetry-power-and-conflict-ozymandias,aqa-gcse-english-literature:poetry-power-and-conflict-ozymandias,SS1. The Poetry Anthology > Ozymandias,10,0,5,0,10,0,2,0,NOT_STARTED,,,
English Literature,aqa-gcse-english-literature,SS1. The Poetry Anthology,London,poetry-power-and-conflict-london,aqa-gcse-english-literature:poetry-power-and-conflict-london,SS1. The Poetry Anthology > London,10,0,5,0,10,0,2,0,NOT_STARTED,,,
English Literature,aqa-gcse-english-literature,SS1. The Poetry Anthology,The Prelude: Stealing The Boat,poetry-power-and-conflict-the-prelude-stealing-the-boat,aqa-gcse-english-literature:poetry-power-and-conflict-the-prelude-stealing-the-boat,SS1. The Poetry Anthology > The Prelude: Stealing The Boat,10,0,5,0,10,0,2,0,NOT_STARTED,,,
English Literature,aqa-gcse-english-literature,SS1. The Poetry Anthology,My Last Duchess,poetry-power-and-conflict-my-last-duchess,aqa-gcse-english-literature:poetry-power-and-conflict-my-last-duchess,SS1. The Poetry Anthology > My Last Duchess,10,0,5,0,10,0,2,0,NOT_STARTED,,,
English Literature,aqa-gcse-english-literature,SS1. The Poetry Anthology,The Charge of the Light Brigade,poetry-power-and-conflict-the-charge-of-the-light-brigade,aqa-gcse-english-literature:poetry-power-and-conflict-the-charge-of-the-light-brigade,SS1. The Poetry Anthology > The Charge of the Light Brigade,10,0,5,0,10,0,2,0,NOT_STARTED,,,
English Literature,aqa-gcse-english-literature,SS1. The Poetry Anthology,Exposure,poetry-power-and-conflict-exposure,aqa-gcse-english-literature:poetry-power-and-conflict-exposure,SS1. The Poetry Anthology > Exposure,10,0,5,0,10,0,2,0,NOT_STARTED,,,
English Literature,aqa-gcse-english-literature,SS1. The Poetry Anthology,Storm on the Island,poetry-power-and-conflict-storm-on-the-island,aqa-gcse-english-literature:poetry-power-and-conflict-storm-on-the-island,SS1. The Poetry Anthology > Storm on the Island,10,0,5,0,10,0,2,0,NOT_STARTED,,,
English Literature,aqa-gcse-english-literature,SS1. The Poetry Anthology,Bayonet Charge,poetry-power-and-conflict-bayonet-charge,aqa-gcse-english-literature:poetry-power-and-conflict-bayonet-charge,SS1. The Poetry Anthology > Bayonet Charge,10,0,5,0,10,0,2,0,NOT_STARTED,,,
English Literature,aqa-gcse-english-literature,SS1. The Poetry Anthology,Remains,poetry-power-and-conflict-remains,aqa-gcse-english-literature:poetry-power-and-conflict-remains,SS1. The Poetry Anthology > Remains,10,0,5,0,10,0,2,0,NOT_STARTED,,,
English Literature,aqa-gcse-english-literature,SS1. The Poetry Anthology,Poppies,poetry-power-and-conflict-poppies,aqa-gcse-english-literature:poetry-power-and-conflict-poppies,SS1. The Poetry Anthology > Poppies,10,0,5,0,10,0,2,0,NOT_STARTED,,,
English Literature,aqa-gcse-english-literature,SS1. The Poetry Anthology,War Photographer,poetry-power-and-conflict-war-photographer,aqa-gcse-english-literature:poetry-power-and-conflict-war-photographer,SS1. The Poetry Anthology > War Photographer,10,0,5,0,10,0,2,0,NOT_STARTED,,,
English Literature,aqa-gcse-english-literature,SS1. The Poetry Anthology,Tissue,poetry-power-and-conflict-tissue,aqa-gcse-english-literature:poetry-power-and-conflict-tissue,SS1. The Poetry Anthology > Tissue,10,0,5,0,10,0,2,0,NOT_STARTED,,,
English Literature,aqa-gcse-english-literature,SS1. The Poetry Anthology,The Emigree,poetry-power-and-conflict-the-emigree,aqa-gcse-english-literature:poetry-power-and-conflict-the-emigree,SS1. The Poetry Anthology > The Emigree,10,0,5,0,10,0,2,0,NOT_STARTED,,,
English Literature,aqa-gcse-english-literature,SS1. The Poetry Anthology,Kamikaze,poetry-power-and-conflict-kamikaze,aqa-gcse-english-literature:poetry-power-and-conflict-kamikaze,SS1. The Poetry Anthology > Kamikaze,10,0,5,0,10,0,2,0,NOT_STARTED,,,
English Literature,aqa-gcse-english-literature,SS1. The Poetry Anthology,Checking Out Me History,poetry-power-and-conflict-checking-out-me-history,aqa-gcse-english-literature:poetry-power-and-conflict-checking-out-me-history,SS1. The Poetry Anthology > Checking Out Me History,10,0,5,0,10,0,2,0,NOT_STARTED,,,
English Literature,aqa-gcse-english-literature,SS1. The Poetry Anthology,Love & Relationships: Overview,poetry-love-and-relationships-overview,aqa-gcse-english-literature:poetry-love-and-relationships-overview,SS1. The Poetry Anthology > Love & Relationships: Overview,10,0,5,0,10,0,2,0,NOT_STARTED,,,
English Literature,aqa-gcse-english-literature,SS1. The Poetry Anthology,When We Two Parted,poetry-love-and-relationships-when-we-two-parted,aqa-gcse-english-literature:poetry-love-and-relationships-when-we-two-parted,SS1. The Poetry Anthology > When We Two Parted,10,0,5,0,10,0,2,0,NOT_STARTED,,,
English Literature,aqa-gcse-english-literature,SS1. The Poetry Anthology,Love's Philosophy,poetry-love-and-relationships-loves-philosophy,aqa-gcse-english-literature:poetry-love-and-relationships-loves-philosophy,SS1. The Poetry Anthology > Love's Philosophy,10,0,5,0,10,0,2,0,NOT_STARTED,,,
English Literature,aqa-gcse-english-literature,SS1. The Poetry Anthology,Porphyria's Lover,poetry-love-and-relationships-porphyrias-lover,aqa-gcse-english-literature:poetry-love-and-relationships-porphyrias-lover,SS1. The Poetry Anthology > Porphyria's Lover,10,0,5,0,10,0,2,0,NOT_STARTED,,,
English Literature,aqa-gcse-english-literature,SS1. The Poetry Anthology,Sonnet 29 – 'I think of thee!',poetry-love-and-relationships-sonnet-29-i-think-of-thee,aqa-gcse-english-literature:poetry-love-and-relationships-sonnet-29-i-think-of-thee,SS1. The Poetry Anthology > Sonnet 29 – 'I think of thee!',10,0,5,0,10,0,2,0,NOT_STARTED,,,
English Literature,aqa-gcse-english-literature,SS1. The Poetry Anthology,Neutral Tones,poetry-love-and-relationships-neutral-tones,aqa-gcse-english-literature:poetry-love-and-relationships-neutral-tones,SS1. The Poetry Anthology > Neutral Tones,10,0,5,0,10,0,2,0,NOT_STARTED,,,
English Literature,aqa-gcse-english-literature,SS1. The Poetry Anthology,Letters From Yorkshire,poetry-love-and-relationships-letters-from-yorkshire,aqa-gcse-english-literature:poetry-love-and-relationships-letters-from-yorkshire,SS1. The Poetry Anthology > Letters From Yorkshire,10,0,5,0,10,0,2,0,NOT_STARTED,,,
English Literature,aqa-gcse-english-literature,SS1. The Poetry Anthology,The Farmer's Bride,poetry-love-and-relationships-the-farmers-bride,aqa-gcse-english-literature:poetry-love-and-relationships-the-farmers-bride,SS1. The Poetry Anthology > The Farmer's Bride,10,0,5,0,10,0,2,0,NOT_STARTED,,,
English Literature,aqa-gcse-english-literature,SS1. The Poetry Anthology,Walking Away,poetry-love-and-relationships-walking-away,aqa-gcse-english-literature:poetry-love-and-relationships-walking-away,SS1. The Poetry Anthology > Walking Away,10,0,5,0,10,0,2,0,NOT_STARTED,,,
English Literature,aqa-gcse-english-literature,SS1. The Poetry Anthology,Eden Rock,poetry-love-and-relationships-eden-rock,aqa-gcse-english-literature:poetry-love-and-relationships-eden-rock,SS1. The Poetry Anthology > Eden Rock,10,0,5,0,10,0,2,0,NOT_STARTED,,,
English Literature,aqa-gcse-english-literature,SS1. The Poetry Anthology,Follower,poetry-love-and-relationships-follower,aqa-gcse-english-literature:poetry-love-and-relationships-follower,SS1. The Poetry Anthology > Follower,10,0,5,0,10,0,2,0,NOT_STARTED,,,
English Literature,aqa-gcse-english-literature,SS1. The Poetry Anthology,"Mother, Any Distance",,poetry-love-and-relationships-mother-any-distance,aqa-gcse-english-literature:poetry-love-and-relationships-mother-any-distance,10,0,5,0,10,0,2,0,NOT_STARTED,,,
English Literature,aqa-gcse-english-literature,SS1. The Poetry Anthology,Before You Were Mine,poetry-love-and-relationships-before-you-were-mine,aqa-gcse-english-literature:poetry-love-and-relationships-before-you-were-mine,SS1. The Poetry Anthology > Before You Were Mine,10,0,5,0,10,0,2,0,NOT_STARTED,,,
English Literature,aqa-gcse-english-literature,SS1. The Poetry Anthology,Winter Swans,poetry-love-and-relationships-winter-swans,aqa-gcse-english-literature:poetry-love-and-relationships-winter-swans,SS1. The Poetry Anthology > Winter Swans,10,0,5,0,10,0,2,0,NOT_STARTED,,,
English Literature,aqa-gcse-english-literature,SS1. The Poetry Anthology,Singh Song!,poetry-love-and-relationships-singh-song,aqa-gcse-english-literature:poetry-love-and-relationships-singh-song,SS1. The Poetry Anthology > Singh Song!,10,0,5,0,10,0,2,0,NOT_STARTED,,,
English Literature,aqa-gcse-english-literature,SS1. The Poetry Anthology,Climbing My Grandfather,poetry-love-and-relationships-climbing-my-grandfather,aqa-gcse-english-literature:poetry-love-and-relationships-climbing-my-grandfather,SS1. The Poetry Anthology > Climbing My Grandfather,10,0,5,0,10,0,2,0,NOT_STARTED,,,
English Literature,aqa-gcse-english-literature,SS1. The Poetry Anthology,Worlds & Lives: Overview,poetry-worlds-and-lives-overview,aqa-gcse-english-literature:poetry-worlds-and-lives-overview,SS1. The Poetry Anthology > Worlds & Lives: Overview,10,0,5,0,10,0,2,0,NOT_STARTED,,,
English Literature,aqa-gcse-english-literature,SS1. The Poetry Anthology,Lines Written in Early Spring,poetry-worlds-and-lives-lines-written-in-early-spring,aqa-gcse-english-literature:poetry-worlds-and-lives-lines-written-in-early-spring,SS1. The Poetry Anthology > Lines Written in Early Spring,10,0,5,0,10,0,2,0,NOT_STARTED,,,
English Literature,aqa-gcse-english-literature,SS1. The Poetry Anthology,England in 1819,poetry-worlds-and-lives-england-in-1819,aqa-gcse-english-literature:poetry-worlds-and-lives-england-in-1819,SS1. The Poetry Anthology > England in 1819,10,0,5,0,10,0,2,0,NOT_STARTED,,,
English Literature,aqa-gcse-english-literature,SS1. The Poetry Anthology,Shall earth no more inspire thee,poetry-worlds-and-lives-shall-earth-no-more-inspire-thee,aqa-gcse-english-literature:poetry-worlds-and-lives-shall-earth-no-more-inspire-thee,SS1. The Poetry Anthology > Shall earth no more inspire thee,10,0,5,0,10,0,2,0,NOT_STARTED,,,
English Literature,aqa-gcse-english-literature,SS1. The Poetry Anthology,In a London Drawing room,poetry-worlds-and-lives-in-a-london-drawing-room,aqa-gcse-english-literature:poetry-worlds-and-lives-in-a-london-drawing-room,SS1. The Poetry Anthology > In a London Drawing room,10,0,5,0,10,0,2,0,NOT_STARTED,,,
English Literature,aqa-gcse-english-literature,SS1. The Poetry Anthology,"On an Afternoon Train from Purley to Victoria, 1955",,poetry-worlds-and-lives-on-an-afternoon-train-from-purley-to-victoria-1955,aqa-gcse-english-literature:poetry-worlds-and-lives-on-an-afternoon-train-from-purley-to-victoria-1955,10,0,5,0,10,0,2,0,NOT_STARTED,,,
English Literature,aqa-gcse-english-literature,SS1. The Poetry Anthology,Name Journeys,poetry-worlds-and-lives-name-journeys,aqa-gcse-english-literature:poetry-worlds-and-lives-name-journeys,SS1. The Poetry Anthology > Name Journeys,10,0,5,0,10,0,2,0,NOT_STARTED,,,
English Literature,aqa-gcse-english-literature,SS1. The Poetry Anthology,Pot,poetry-worlds-and-lives-pot,aqa-gcse-english-literature:poetry-worlds-and-lives-pot,SS1. The Poetry Anthology > Pot,10,0,5,0,10,0,2,0,NOT_STARTED,,,
English Literature,aqa-gcse-english-literature,SS1. The Poetry Anthology,A Wider View,poetry-worlds-and-lives-a-wider-view,aqa-gcse-english-literature:poetry-worlds-and-lives-a-wider-view,SS1. The Poetry Anthology > A Wider View,10,0,5,0,10,0,2,0,NOT_STARTED,,,
English Literature,aqa-gcse-english-literature,SS1. The Poetry Anthology,Homing,poetry-worlds-and-lives-homing,aqa-gcse-english-literature:poetry-worlds-and-lives-homing,SS1. The Poetry Anthology > Homing,10,0,5,0,10,0,2,0,NOT_STARTED,,,
English Literature,aqa-gcse-english-literature,SS1. The Poetry Anthology,A Century Later,poetry-worlds-and-lives-a-century-later,aqa-gcse-english-literature:poetry-worlds-and-lives-a-century-later,SS1. The Poetry Anthology > A Century Later,10,0,5,0,10,0,2,0,NOT_STARTED,,,
English Literature,aqa-gcse-english-literature,SS1. The Poetry Anthology,The Jewellery Maker,poetry-worlds-and-lives-the-jewellery-maker,aqa-gcse-english-literature:poetry-worlds-and-lives-the-jewellery-maker,SS1. The Poetry Anthology > The Jewellery Maker,10,0,5,0,10,0,2,0,NOT_STARTED,,,
English Literature,aqa-gcse-english-literature,SS1. The Poetry Anthology,With Birds You're Never Lonely,poetry-worlds-and-lives-with-birds-youre-never-lonely,aqa-gcse-english-literature:poetry-worlds-and-lives-with-birds-youre-never-lonely,SS1. The Poetry Anthology > With Birds You're Never Lonely,10,0,5,0,10,0,2,0,NOT_STARTED,,,
English Literature,aqa-gcse-english-literature,SS1. The Poetry Anthology,A Portable Paradise,poetry-worlds-and-lives-a-portable-paradise,aqa-gcse-english-literature:poetry-worlds-and-lives-a-portable-paradise,SS1. The Poetry Anthology > A Portable Paradise,10,0,5,0,10,0,2,0,NOT_STARTED,,,
English Literature,aqa-gcse-english-literature,SS1. The Poetry Anthology,Like an Heiress,poetry-worlds-and-lives-like-an-heiress,aqa-gcse-english-literature:poetry-worlds-and-lives-like-an-heiress,SS1. The Poetry Anthology > Like an Heiress,10,0,5,0,10,0,2,0,NOT_STARTED,,,
English Literature,aqa-gcse-english-literature,SS1. The Poetry Anthology,Thirteen,poetry-worlds-and-lives-thirteen,aqa-gcse-english-literature:poetry-worlds-and-lives-thirteen,SS1. The Poetry Anthology > Thirteen,10,0,5,0,10,0,2,0,NOT_STARTED,,,
English Literature,aqa-gcse-english-literature,SS1. Unseen Poetry,Approaching the Unseen Poetry Question,unseen-poetry-approaching-the-question,aqa-gcse-english-literature:unseen-poetry-approaching-the-question,SS1. Unseen Poetry > Approaching the Unseen Poetry Question,10,0,5,0,10,0,2,0,NOT_STARTED,,,
English Literature,aqa-gcse-english-literature,SS1. Unseen Poetry,Writer's Methods & Techniques,unseen-poetry-methods-techniques,aqa-gcse-english-literature:unseen-poetry-methods-techniques,SS1. Unseen Poetry > Writer's Methods & Techniques,10,0,5,0,10,0,2,0,NOT_STARTED,,,
English Literature,aqa-gcse-english-literature,SS1. Unseen Poetry,Mark Scheme & Model Answer,unseen-poetry-mark-scheme-model-answer,aqa-gcse-english-literature:unseen-poetry-mark-scheme-model-answer,SS1. Unseen Poetry > Mark Scheme & Model Answer,10,0,5,0,10,0,2,0,NOT_STARTED,,,
English Literature,aqa-gcse-english-literature,SS1. Unseen Poetry,How to Answer the Unseen Poetry Comparison Question,unseen-poetry-how-to-answer-comparison,aqa-gcse-english-literature:unseen-poetry-how-to-answer-comparison,SS1. Unseen Poetry > How to Answer the Unseen Poetry Comparison Question,10,0,5,0,10,0,2,0,NOT_STARTED,,,
English Literature,aqa-gcse-english-literature,SS1. Exam Skills,Exam Tips,exam-skills-exam-tips,aqa-gcse-english-literature:exam-skills-exam-tips,SS1. Exam Skills > Exam Tips,10,0,5,0,10,0,2,0,NOT_STARTED,,,
Mathematics,aqa-gcse-maths-foundation,"SS1: Number, Algebra & Ratio",,Number Operations,number-operations,aqa-gcse-maths-foundation:number-operations,10,0,5,0,10,0,2,0,NOT_STARTED,,,
Mathematics,aqa-gcse-maths-foundation,"SS1: Number, Algebra & Ratio",,"Types of Numbers, Factors, HCF & LCM",,types-of-numbers-factors-hcf-lcm,10,0,5,0,10,0,2,0,NOT_STARTED,,,
Mathematics,aqa-gcse-maths-foundation,"SS1: Number, Algebra & Ratio",,"Powers, Roots & Standard Form",,powers-roots-standard-form,10,0,5,0,10,0,2,0,NOT_STARTED,,,
Mathematics,aqa-gcse-maths-foundation,"SS1: Number, Algebra & Ratio",,Fractions,fractions,aqa-gcse-maths-foundation:fractions,10,0,5,0,10,0,2,0,NOT_STARTED,,,
Mathematics,aqa-gcse-maths-foundation,"SS1: Number, Algebra & Ratio",,Percentages,percentages,aqa-gcse-maths-foundation:percentages,10,0,5,0,10,0,2,0,NOT_STARTED,,,
Mathematics,aqa-gcse-maths-foundation,"SS1: Number, Algebra & Ratio",,"Simple & Compound Interest, Growth & Decay",,interest-growth-decay,10,0,5,0,10,0,2,0,NOT_STARTED,,,
Mathematics,aqa-gcse-maths-foundation,"SS1: Number, Algebra & Ratio",,"Fractions, Decimals & Percentages",,fractions-decimals-percentages,10,0,5,0,10,0,2,0,NOT_STARTED,,,
Mathematics,aqa-gcse-maths-foundation,"SS1: Number, Algebra & Ratio",,Percentages & Reverse Percentages,percentages-reverse-percentages,aqa-gcse-maths-foundation:percentages-reverse-percentages,10,0,5,0,10,0,2,0,NOT_STARTED,,,
Mathematics,aqa-gcse-maths-foundation,"SS1: Number, Algebra & Ratio",,Ratio & Proportion,ratio-proportion,aqa-gcse-maths-foundation:ratio-proportion,10,0,5,0,10,0,2,0,NOT_STARTED,,,
Mathematics,aqa-gcse-maths-foundation,"SS1: Number, Algebra & Ratio",,Using a Calculator,using-a-calculator,aqa-gcse-maths-foundation:using-a-calculator,10,0,5,0,10,0,2,0,NOT_STARTED,,,
Mathematics,aqa-gcse-maths-foundation,"SS1: Number, Algebra & Ratio",,Introduction to Algebra,introduction-to-algebra,aqa-gcse-maths-foundation:introduction-to-algebra,10,0,5,0,10,0,2,0,NOT_STARTED,,,
Mathematics,aqa-gcse-maths-foundation,"SS1: Number, Algebra & Ratio",,Algebraic Terms & Substitution,algebraic-terms-substitution,aqa-gcse-maths-foundation:algebraic-terms-substitution,10,0,5,0,10,0,2,0,NOT_STARTED,,,
Mathematics,aqa-gcse-maths-foundation,"SS1: Number, Algebra & Ratio",,Expanding Brackets,expanding-brackets,aqa-gcse-maths-foundation:expanding-brackets,10,0,5,0,10,0,2,0,NOT_STARTED,,,
Mathematics,aqa-gcse-maths-foundation,"SS1: Number, Algebra & Ratio",,Factorising,factorising,aqa-gcse-maths-foundation:factorising,10,0,5,0,10,0,2,0,NOT_STARTED,,,
Mathematics,aqa-gcse-maths-foundation,"SS1: Number, Algebra & Ratio",,Rearranging Formulae,rearranging-formulae,aqa-gcse-maths-foundation:rearranging-formulae,10,0,5,0,10,0,2,0,NOT_STARTED,,,
Mathematics,aqa-gcse-maths-foundation,"SS1: Number, Algebra & Ratio",,Algebraic Reasoning,algebraic-reasoning,aqa-gcse-maths-foundation:algebraic-reasoning,10,0,5,0,10,0,2,0,NOT_STARTED,,,
Mathematics,aqa-gcse-maths-foundation,"SS1: Number, Algebra & Ratio",,Linear Equations,linear-equations,aqa-gcse-maths-foundation:linear-equations,10,0,5,0,10,0,2,0,NOT_STARTED,,,
Mathematics,aqa-gcse-maths-foundation,"SS1: Number, Algebra & Ratio",,Solving Quadratic Equations,solving-quadratic-equations,aqa-gcse-maths-foundation:solving-quadratic-equations,10,0,5,0,10,0,2,0,NOT_STARTED,,,
Mathematics,aqa-gcse-maths-foundation,"SS1: Number, Algebra & Ratio",,Simultaneous Equations,simultaneous-equations,aqa-gcse-maths-foundation:simultaneous-equations,10,0,5,0,10,0,2,0,NOT_STARTED,,,
Mathematics,aqa-gcse-maths-foundation,"SS1: Number, Algebra & Ratio",,Forming & Solving Inequalities,inequalities,aqa-gcse-maths-foundation:inequalities,10,0,5,0,10,0,2,0,NOT_STARTED,,,
Mathematics,aqa-gcse-maths-foundation,"SS1: Number, Algebra & Ratio",,Functions,functions,aqa-gcse-maths-foundation:functions,10,0,5,0,10,0,2,0,NOT_STARTED,,,
Mathematics,aqa-gcse-maths-foundation,"SS1: Number, Algebra & Ratio",,Coordinate Geometry,coordinate-geometry,aqa-gcse-maths-foundation:coordinate-geometry,10,0,5,0,10,0,2,0,NOT_STARTED,,,
Mathematics,aqa-gcse-maths-foundation,"SS1: Number, Algebra & Ratio",,Linear Graphs,linear-graphs,aqa-gcse-maths-foundation:linear-graphs,10,0,5,0,10,0,2,0,NOT_STARTED,,,
Mathematics,aqa-gcse-maths-foundation,"SS1: Number, Algebra & Ratio",,Graphs of Functions,graphs-of-functions,aqa-gcse-maths-foundation:graphs-of-functions,10,0,5,0,10,0,2,0,NOT_STARTED,,,
Mathematics,aqa-gcse-maths-foundation,"SS1: Number, Algebra & Ratio",,Real-Life Graphs,real-life-graphs,aqa-gcse-maths-foundation:real-life-graphs,10,0,5,0,10,0,2,0,NOT_STARTED,,,
Mathematics,aqa-gcse-maths-foundation,"SS1: Number, Algebra & Ratio",,Solving Using Graphs,solving-using-graphs,aqa-gcse-maths-foundation:solving-using-graphs,10,0,5,0,10,0,2,0,NOT_STARTED,,,
Mathematics,aqa-gcse-maths-foundation,"SS2: Geometry, Measures, Statistics & Probability",,"Ratio, Proportion & Rates of Change",,rates-of-change,10,0,5,0,10,0,2,0,NOT_STARTED,,,
Mathematics,aqa-gcse-maths-foundation,"SS2: Geometry, Measures, Statistics & Probability",,Introduction to Vectors,vectors,aqa-gcse-maths-foundation:vectors,10,0,5,0,10,0,2,0,NOT_STARTED,,,
Mathematics,aqa-gcse-maths-foundation,"SS2: Geometry, Measures, Statistics & Probability",,"Angles, Polygons & Bearings",,angles-polygons-bearings,10,0,5,0,10,0,2,0,NOT_STARTED,,,
Mathematics,aqa-gcse-maths-foundation,"SS2: Geometry, Measures, Statistics & Probability",,Circles & Sectors,circles-sectors,aqa-gcse-maths-foundation:circles-sectors,10,0,5,0,10,0,2,0,NOT_STARTED,,,
Mathematics,aqa-gcse-maths-foundation,"SS2: Geometry, Measures, Statistics & Probability",,2D & 3D Shapes,2d-3d-shapes,aqa-gcse-maths-foundation:2d-3d-shapes,10,0,5,0,10,0,2,0,NOT_STARTED,,,
Mathematics,aqa-gcse-maths-foundation,"SS2: Geometry, Measures, Statistics & Probability",,"Triangles, Pythagoras & Trigonometry",,pythagoras-trigonometry,10,0,5,0,10,0,2,0,NOT_STARTED,,,
Mathematics,aqa-gcse-maths-foundation,"SS2: Geometry, Measures, Statistics & Probability",,"Congruence, Similarity & Enlargement (Proof)",,congruence-similarity-enlargement,10,0,5,0,10,0,2,0,NOT_STARTED,,,
Mathematics,aqa-gcse-maths-foundation,"SS2: Geometry, Measures, Statistics & Probability",,Transformations,transformations,aqa-gcse-maths-foundation:transformations,10,0,5,0,10,0,2,0,NOT_STARTED,,,
Mathematics,aqa-gcse-maths-foundation,"SS2: Geometry, Measures, Statistics & Probability",,Measures,measures,aqa-gcse-maths-foundation:measures,10,0,5,0,10,0,2,0,NOT_STARTED,,,
Mathematics,aqa-gcse-maths-foundation,"SS2: Geometry, Measures, Statistics & Probability",,"Perimeter, Area & Volume",,perimeter-area-volume,10,0,5,0,10,0,2,0,NOT_STARTED,,,
Mathematics,aqa-gcse-maths-foundation,"SS2: Geometry, Measures, Statistics & Probability",,"Circles, Arcs & Sectors",,arcs-sectors,10,0,5,0,10,0,2,0,NOT_STARTED,,,
Mathematics,aqa-gcse-maths-foundation,"SS2: Geometry, Measures, Statistics & Probability",,Surface Area,surface-area,aqa-gcse-maths-foundation:surface-area,10,0,5,0,10,0,2,0,NOT_STARTED,,,
Mathematics,aqa-gcse-maths-foundation,"SS2: Geometry, Measures, Statistics & Probability",,Statistics,statistics,aqa-gcse-maths-foundation:statistics,10,0,5,0,10,0,2,0,NOT_STARTED,,,
Mathematics,aqa-gcse-maths-foundation,"SS2: Geometry, Measures, Statistics & Probability",,"Averages, Range & Data",,averages-range-data,10,0,5,0,10,0,2,0,NOT_STARTED,,,
Mathematics,aqa-gcse-maths-foundation,"SS2: Geometry, Measures, Statistics & Probability",,Statistical Diagrams,statistical-diagrams,aqa-gcse-maths-foundation:statistical-diagrams,10,0,5,0,10,0,2,0,NOT_STARTED,,,
Mathematics,aqa-gcse-maths-foundation,"SS2: Geometry, Measures, Statistics & Probability",,Scatter Graphs & Correlation,scatter-graphs-correlation,aqa-gcse-maths-foundation:scatter-graphs-correlation,10,0,5,0,10,0,2,0,NOT_STARTED,,,
Mathematics,aqa-gcse-maths-foundation,"SS2: Geometry, Measures, Statistics & Probability",,Probability,probability,aqa-gcse-maths-foundation:probability,10,0,5,0,10,0,2,0,NOT_STARTED,,,
Mathematics,aqa-gcse-maths-foundation,"SS2: Geometry, Measures, Statistics & Probability",,Introduction to Probability,introduction-to-probability,aqa-gcse-maths-foundation:introduction-to-probability,10,0,5,0,10,0,2,0,NOT_STARTED,,,
Mathematics,aqa-gcse-maths-foundation,"SS2: Geometry, Measures, Statistics & Probability",,Simple Probability Diagrams,simple-probability-diagrams,aqa-gcse-maths-foundation:simple-probability-diagrams,10,0,5,0,10,0,2,0,NOT_STARTED,,,
Mathematics,aqa-gcse-maths-foundation,"SS2: Geometry, Measures, Statistics & Probability",,Theoretical & Experimental Probability,theoretical-experimental-probability,aqa-gcse-maths-foundation:theoretical-experimental-probability,10,0,5,0,10,0,2,0,NOT_STARTED,,,
Mathematics,aqa-gcse-maths-higher,SS1: Number & Algebra,Mathematical Symbols,mathematical-symbols,aqa-gcse-maths-higher:mathematical-symbols,SS1: Number & Algebra > Mathematical Symbols,10,0,5,0,10,0,2,0,NOT_STARTED,,,
Mathematics,aqa-gcse-maths-higher,SS1: Number & Algebra,Order of Operations (BIDMAS/BODMAS),order-of-operations,aqa-gcse-maths-higher:order-of-operations,SS1: Number & Algebra > Order of Operations (BIDMAS/BODMAS),10,0,5,0,10,0,2,0,NOT_STARTED,,,
Mathematics,aqa-gcse-maths-higher,SS1: Number & Algebra,Irrational Numbers,irrational-numbers,aqa-gcse-maths-higher:irrational-numbers,SS1: Number & Algebra > Irrational Numbers,10,0,5,0,10,0,2,0,NOT_STARTED,,,
Mathematics,aqa-gcse-maths-higher,SS1: Number & Algebra,Negative Numbers,negative-numbers,aqa-gcse-maths-higher:negative-numbers,SS1: Number & Algebra > Negative Numbers,10,0,5,0,10,0,2,0,NOT_STARTED,,,
Mathematics,aqa-gcse-maths-higher,SS1: Number & Algebra,Money Calculations,money-calculations,aqa-gcse-maths-higher:money-calculations,SS1: Number & Algebra > Money Calculations,10,0,5,0,10,0,2,0,NOT_STARTED,,,
Mathematics,aqa-gcse-maths-higher,SS1: Number & Algebra,Addition & Subtraction,addition-subtraction,aqa-gcse-maths-higher:addition-subtraction,SS1: Number & Algebra > Addition & Subtraction,10,0,5,0,10,0,2,0,NOT_STARTED,,,
Mathematics,aqa-gcse-maths-higher,SS1: Number & Algebra,Multiplication & Division,multiplication-division,aqa-gcse-maths-higher:multiplication-division,SS1: Number & Algebra > Multiplication & Division,10,0,5,0,10,0,2,0,NOT_STARTED,,,
Mathematics,aqa-gcse-maths-higher,SS1: Number & Algebra,Related Calculations,related-calculations,aqa-gcse-maths-higher:related-calculations,SS1: Number & Algebra > Related Calculations,10,0,5,0,10,0,2,0,NOT_STARTED,,,
Mathematics,aqa-gcse-maths-higher,SS1: Number & Algebra,Systematic Lists,systematic-lists,aqa-gcse-maths-higher:systematic-lists,SS1: Number & Algebra > Systematic Lists,10,0,5,0,10,0,2,0,NOT_STARTED,,,
Mathematics,aqa-gcse-maths-higher,SS1: Number & Algebra,Product Rule for Counting,product-rule-counting,aqa-gcse-maths-higher:product-rule-counting,SS1: Number & Algebra > Product Rule for Counting,10,0,5,0,10,0,2,0,NOT_STARTED,,,
Mathematics,aqa-gcse-maths-higher,SS1: Number & Algebra,Types of Numbers,types-of-numbers,aqa-gcse-maths-higher:types-of-numbers,SS1: Number & Algebra > Types of Numbers,10,0,5,0,10,0,2,0,NOT_STARTED,,,
Mathematics,aqa-gcse-maths-higher,SS1: Number & Algebra,Prime Factor Decomposition,prime-factor-decomposition,aqa-gcse-maths-higher:prime-factor-decomposition,SS1: Number & Algebra > Prime Factor Decomposition,10,0,5,0,10,0,2,0,NOT_STARTED,,,
Mathematics,aqa-gcse-maths-higher,SS1: Number & Algebra,Uses of Prime Factor Decomposition,uses-prime-factor-decomposition,aqa-gcse-maths-higher:uses-prime-factor-decomposition,SS1: Number & Algebra > Uses of Prime Factor Decomposition,10,0,5,0,10,0,2,0,NOT_STARTED,,,
Mathematics,aqa-gcse-maths-higher,SS1: Number & Algebra,HCF & LCM,hcf-lcm,aqa-gcse-maths-higher:hcf-lcm,SS1: Number & Algebra > HCF & LCM,10,0,5,0,10,0,2,0,NOT_STARTED,,,
Mathematics,aqa-gcse-maths-higher,SS1: Number & Algebra,Powers & Roots,powers-roots,aqa-gcse-maths-higher:powers-roots,SS1: Number & Algebra > Powers & Roots,10,0,5,0,10,0,2,0,NOT_STARTED,,,
Mathematics,aqa-gcse-maths-higher,SS1: Number & Algebra,Laws of Indices,laws-of-indices,aqa-gcse-maths-higher:laws-of-indices,SS1: Number & Algebra > Laws of Indices,10,0,5,0,10,0,2,0,NOT_STARTED,,,
Mathematics,aqa-gcse-maths-higher,SS1: Number & Algebra,Converting to & from Standard Form,standard-form-converting,aqa-gcse-maths-higher:standard-form-converting,SS1: Number & Algebra > Converting to & from Standard Form,10,0,5,0,10,0,2,0,NOT_STARTED,,,
Mathematics,aqa-gcse-maths-higher,SS1: Number & Algebra,Operations with Standard Form,standard-form-operations,aqa-gcse-maths-higher:standard-form-operations,SS1: Number & Algebra > Operations with Standard Form,10,0,5,0,10,0,2,0,NOT_STARTED,,,
Mathematics,aqa-gcse-maths-higher,SS1: Number & Algebra,Basic Fractions,basic-fractions,aqa-gcse-maths-higher:basic-fractions,SS1: Number & Algebra > Basic Fractions,10,0,5,0,10,0,2,0,NOT_STARTED,,,
Mathematics,aqa-gcse-maths-higher,SS1: Number & Algebra,Mixed Numbers & Improper Fractions,mixed-numbers-improper-fractions,aqa-gcse-maths-higher:mixed-numbers-improper-fractions,SS1: Number & Algebra > Mixed Numbers & Improper Fractions,10,0,5,0,10,0,2,0,NOT_STARTED,,,
Mathematics,aqa-gcse-maths-higher,SS1: Number & Algebra,Adding & Subtracting Fractions,adding-subtracting-fractions,aqa-gcse-maths-higher:adding-subtracting-fractions,SS1: Number & Algebra > Adding & Subtracting Fractions,10,0,5,0,10,0,2,0,NOT_STARTED,,,
Mathematics,aqa-gcse-maths-higher,SS1: Number & Algebra,Multiplying & Dividing Fractions,multiplying-dividing-fractions,aqa-gcse-maths-higher:multiplying-dividing-fractions,SS1: Number & Algebra > Multiplying & Dividing Fractions,10,0,5,0,10,0,2,0,NOT_STARTED,,,
Mathematics,aqa-gcse-maths-higher,SS1: Number & Algebra,Basic Percentages,basic-percentages,aqa-gcse-maths-higher:basic-percentages,SS1: Number & Algebra > Basic Percentages,10,0,5,0,10,0,2,0,NOT_STARTED,,,
Mathematics,aqa-gcse-maths-higher,SS1: Number & Algebra,Percentage Increases & Decreases,percentage-increases-decreases,aqa-gcse-maths-higher:percentage-increases-decreases,SS1: Number & Algebra > Percentage Increases & Decreases,10,0,5,0,10,0,2,0,NOT_STARTED,,,
Mathematics,aqa-gcse-maths-higher,SS1: Number & Algebra,Reverse Percentages,reverse-percentages,aqa-gcse-maths-higher:reverse-percentages,SS1: Number & Algebra > Reverse Percentages,10,0,5,0,10,0,2,0,NOT_STARTED,,,
Mathematics,aqa-gcse-maths-higher,SS1: Number & Algebra,Simple Interest,simple-interest,aqa-gcse-maths-higher:simple-interest,SS1: Number & Algebra > Simple Interest,10,0,5,0,10,0,2,0,NOT_STARTED,,,
Mathematics,aqa-gcse-maths-higher,SS1: Number & Algebra,Compound Interest,compound-interest,aqa-gcse-maths-higher:compound-interest,SS1: Number & Algebra > Compound Interest,10,0,5,0,10,0,2,0,NOT_STARTED,,,
Mathematics,aqa-gcse-maths-higher,SS1: Number & Algebra,Depreciation,depreciation,aqa-gcse-maths-higher:depreciation,SS1: Number & Algebra > Depreciation,10,0,5,0,10,0,2,0,NOT_STARTED,,,
Mathematics,aqa-gcse-maths-higher,SS1: Number & Algebra,Exponential Growth & Decay,exponential-growth-decay,aqa-gcse-maths-higher:exponential-growth-decay,SS1: Number & Algebra > Exponential Growth & Decay,10,0,5,0,10,0,2,0,NOT_STARTED,,,
Mathematics,aqa-gcse-maths-higher,SS1: Number & Algebra,"Converting Fractions, Decimals & Percentages",,converting-fractions-decimals-percentages,aqa-gcse-maths-higher:converting-fractions-decimals-percentages,10,0,5,0,10,0,2,0,NOT_STARTED,,,
Mathematics,aqa-gcse-maths-higher,SS1: Number & Algebra,Recurring Decimals,recurring-decimals,aqa-gcse-maths-higher:recurring-decimals,SS1: Number & Algebra > Recurring Decimals,10,0,5,0,10,0,2,0,NOT_STARTED,,,
Mathematics,aqa-gcse-maths-higher,SS1: Number & Algebra,"Ordering Fractions, Decimals & Percentages",,ordering-fractions-decimals-percentages,aqa-gcse-maths-higher:ordering-fractions-decimals-percentages,10,0,5,0,10,0,2,0,NOT_STARTED,,,
Mathematics,aqa-gcse-maths-higher,SS1: Number & Algebra,Rounding & Estimation,rounding-estimation,aqa-gcse-maths-higher:rounding-estimation,SS1: Number & Algebra > Rounding & Estimation,10,0,5,0,10,0,2,0,NOT_STARTED,,,
Mathematics,aqa-gcse-maths-higher,SS1: Number & Algebra,Upper & Lower Bounds,upper-lower-bounds,aqa-gcse-maths-higher:upper-lower-bounds,SS1: Number & Algebra > Upper & Lower Bounds,10,0,5,0,10,0,2,0,NOT_STARTED,,,
Mathematics,aqa-gcse-maths-higher,SS1: Number & Algebra,Simplifying Surds,simplifying-surds,aqa-gcse-maths-higher:simplifying-surds,SS1: Number & Algebra > Simplifying Surds,10,0,5,0,10,0,2,0,NOT_STARTED,,,
Mathematics,aqa-gcse-maths-higher,SS1: Number & Algebra,Rationalising Denominators,rationalising-denominators,aqa-gcse-maths-higher:rationalising-denominators,SS1: Number & Algebra > Rationalising Denominators,10,0,5,0,10,0,2,0,NOT_STARTED,,,
Mathematics,aqa-gcse-maths-higher,SS1: Number & Algebra,Using a Calculator,using-a-calculator,aqa-gcse-maths-higher:using-a-calculator,SS1: Number & Algebra > Using a Calculator,10,0,5,0,10,0,2,0,NOT_STARTED,,,
Mathematics,aqa-gcse-maths-higher,SS1: Number & Algebra,Algebraic Notation,algebraic-notation,aqa-gcse-maths-higher:algebraic-notation,SS1: Number & Algebra > Algebraic Notation,10,0,5,0,10,0,2,0,NOT_STARTED,,,
Mathematics,aqa-gcse-maths-higher,SS1: Number & Algebra,Algebraic Vocabulary,algebraic-vocabulary,aqa-gcse-maths-higher:algebraic-vocabulary,SS1: Number & Algebra > Algebraic Vocabulary,10,0,5,0,10,0,2,0,NOT_STARTED,,,
Mathematics,aqa-gcse-maths-higher,SS1: Number & Algebra,Substitution,substitution,aqa-gcse-maths-higher:substitution,SS1: Number & Algebra > Substitution,10,0,5,0,10,0,2,0,NOT_STARTED,,,
Mathematics,aqa-gcse-maths-higher,SS1: Number & Algebra,Collecting Like Terms,collecting-like-terms,aqa-gcse-maths-higher:collecting-like-terms,SS1: Number & Algebra > Collecting Like Terms,10,0,5,0,10,0,2,0,NOT_STARTED,,,
Mathematics,aqa-gcse-maths-higher,SS1: Number & Algebra,Algebraic Roots & Indices,algebraic-roots-indices,aqa-gcse-maths-higher:algebraic-roots-indices,SS1: Number & Algebra > Algebraic Roots & Indices,10,0,5,0,10,0,2,0,NOT_STARTED,,,
Mathematics,aqa-gcse-maths-higher,SS1: Number & Algebra,Expanding & Simplifying Single Brackets,expanding-single-brackets,aqa-gcse-maths-higher:expanding-single-brackets,SS1: Number & Algebra > Expanding & Simplifying Single Brackets,10,0,5,0,10,0,2,0,NOT_STARTED,,,
Mathematics,aqa-gcse-maths-higher,SS1: Number & Algebra,Expanding Double Brackets,expanding-double-brackets,aqa-gcse-maths-higher:expanding-double-brackets,SS1: Number & Algebra > Expanding Double Brackets,10,0,5,0,10,0,2,0,NOT_STARTED,,,
Mathematics,aqa-gcse-maths-higher,SS1: Number & Algebra,Expanding Triple Brackets,expanding-triple-brackets,aqa-gcse-maths-higher:expanding-triple-brackets,SS1: Number & Algebra > Expanding Triple Brackets,10,0,5,0,10,0,2,0,NOT_STARTED,,,
Mathematics,aqa-gcse-maths-higher,SS1: Number & Algebra,Factorising Out Terms,factorising-out-terms,aqa-gcse-maths-higher:factorising-out-terms,SS1: Number & Algebra > Factorising Out Terms,10,0,5,0,10,0,2,0,NOT_STARTED,,,
Mathematics,aqa-gcse-maths-higher,SS1: Number & Algebra,Factorising by Grouping,factorising-by-grouping,aqa-gcse-maths-higher:factorising-by-grouping,SS1: Number & Algebra > Factorising by Grouping,10,0,5,0,10,0,2,0,NOT_STARTED,,,
Mathematics,aqa-gcse-maths-higher,SS1: Number & Algebra,Factorising Simple Quadratics,factorising-simple-quadratics,aqa-gcse-maths-higher:factorising-simple-quadratics,SS1: Number & Algebra > Factorising Simple Quadratics,10,0,5,0,10,0,2,0,NOT_STARTED,,,
Mathematics,aqa-gcse-maths-higher,SS1: Number & Algebra,Factorising Harder Quadratics,factorising-harder-quadratics,aqa-gcse-maths-higher:factorising-harder-quadratics,SS1: Number & Algebra > Factorising Harder Quadratics,10,0,5,0,10,0,2,0,NOT_STARTED,,,
Mathematics,aqa-gcse-maths-higher,SS1: Number & Algebra,Difference of Two Squares,difference-of-two-squares,aqa-gcse-maths-higher:difference-of-two-squares,SS1: Number & Algebra > Difference of Two Squares,10,0,5,0,10,0,2,0,NOT_STARTED,,,
Mathematics,aqa-gcse-maths-higher,SS1: Number & Algebra,Deciding the Factorisation Method,deciding-factorisation-method,aqa-gcse-maths-higher:deciding-factorisation-method,SS1: Number & Algebra > Deciding the Factorisation Method,10,0,5,0,10,0,2,0,NOT_STARTED,,,
Mathematics,aqa-gcse-maths-higher,SS1: Number & Algebra,Completing the Square,completing-the-square,aqa-gcse-maths-higher:completing-the-square,SS1: Number & Algebra > Completing the Square,10,0,5,0,10,0,2,0,NOT_STARTED,,,
Mathematics,aqa-gcse-maths-higher,SS1: Number & Algebra,Simplifying Algebraic Fractions,simplifying-algebraic-fractions,aqa-gcse-maths-higher:simplifying-algebraic-fractions,SS1: Number & Algebra > Simplifying Algebraic Fractions,10,0,5,0,10,0,2,0,NOT_STARTED,,,
Mathematics,aqa-gcse-maths-higher,SS1: Number & Algebra,Adding & Subtracting Algebraic Fractions,adding-subtracting-algebraic-fractions,aqa-gcse-maths-higher:adding-subtracting-algebraic-fractions,SS1: Number & Algebra > Adding & Subtracting Algebraic Fractions,10,0,5,0,10,0,2,0,NOT_STARTED,,,
Mathematics,aqa-gcse-maths-higher,SS1: Number & Algebra,Multiplying & Dividing Algebraic Fractions,multiplying-dividing-algebraic-fractions,aqa-gcse-maths-higher:multiplying-dividing-algebraic-fractions,SS1: Number & Algebra > Multiplying & Dividing Algebraic Fractions,10,0,5,0,10,0,2,0,NOT_STARTED,,,
Mathematics,aqa-gcse-maths-higher,SS1: Number & Algebra,Solving Equations with Algebraic Fractions,solving-equations-algebraic-fractions,aqa-gcse-maths-higher:solving-equations-algebraic-fractions,SS1: Number & Algebra > Solving Equations with Algebraic Fractions,10,0,5,0,10,0,2,0,NOT_STARTED,,,
Mathematics,aqa-gcse-maths-higher,SS1: Number & Algebra,Formulas where Subject Appears Once,rearranging-formulae-subject-once,aqa-gcse-maths-higher:rearranging-formulae-subject-once,SS1: Number & Algebra > Formulas where Subject Appears Once,10,0,5,0,10,0,2,0,NOT_STARTED,,,
Mathematics,aqa-gcse-maths-higher,SS1: Number & Algebra,Formulas where Subject Appears Twice,rearranging-formulae-subject-twice,aqa-gcse-maths-higher:rearranging-formulae-subject-twice,SS1: Number & Algebra > Formulas where Subject Appears Twice,10,0,5,0,10,0,2,0,NOT_STARTED,,,
Mathematics,aqa-gcse-maths-higher,SS1: Number & Algebra,Algebraic Proof,algebraic-proof,aqa-gcse-maths-higher:algebraic-proof,SS1: Number & Algebra > Algebraic Proof,10,0,5,0,10,0,2,0,NOT_STARTED,,,
Mathematics,aqa-gcse-maths-higher,SS1: Number & Algebra,Solving Linear Equations,solving-linear-equations,aqa-gcse-maths-higher:solving-linear-equations,SS1: Number & Algebra > Solving Linear Equations,10,0,5,0,10,0,2,0,NOT_STARTED,,,
Mathematics,aqa-gcse-maths-higher,SS1: Number & Algebra,Solving Quadratics by Factorising,solving-quadratics-factorising,aqa-gcse-maths-higher:solving-quadratics-factorising,SS1: Number & Algebra > Solving Quadratics by Factorising,10,0,5,0,10,0,2,0,NOT_STARTED,,,
Mathematics,aqa-gcse-maths-higher,SS1: Number & Algebra,The Quadratic Formula,quadratic-formula,aqa-gcse-maths-higher:quadratic-formula,SS1: Number & Algebra > The Quadratic Formula,10,0,5,0,10,0,2,0,NOT_STARTED,,,
Mathematics,aqa-gcse-maths-higher,SS1: Number & Algebra,Deciding the Quadratic Method,deciding-quadratic-method,aqa-gcse-maths-higher:deciding-quadratic-method,SS1: Number & Algebra > Deciding the Quadratic Method,10,0,5,0,10,0,2,0,NOT_STARTED,,,
Mathematics,aqa-gcse-maths-higher,SS1: Number & Algebra,Linear Simultaneous Equations,linear-simultaneous-equations,aqa-gcse-maths-higher:linear-simultaneous-equations,SS1: Number & Algebra > Linear Simultaneous Equations,10,0,5,0,10,0,2,0,NOT_STARTED,,,
Mathematics,aqa-gcse-maths-higher,SS1: Number & Algebra,Quadratic Simultaneous Equations,quadratic-simultaneous-equations,aqa-gcse-maths-higher:quadratic-simultaneous-equations,SS1: Number & Algebra > Quadratic Simultaneous Equations,10,0,5,0,10,0,2,0,NOT_STARTED,,,
Mathematics,aqa-gcse-maths-higher,SS1: Number & Algebra,Iteration,iteration,aqa-gcse-maths-higher:iteration,SS1: Number & Algebra > Iteration,10,0,5,0,10,0,2,0,NOT_STARTED,,,
Mathematics,aqa-gcse-maths-higher,SS1: Number & Algebra,Forming Equations from Words,forming-equations-words,aqa-gcse-maths-higher:forming-equations-words,SS1: Number & Algebra > Forming Equations from Words,10,0,5,0,10,0,2,0,NOT_STARTED,,,
Mathematics,aqa-gcse-maths-higher,SS1: Number & Algebra,Forming Equations from Shapes,forming-equations-shapes,aqa-gcse-maths-higher:forming-equations-shapes,SS1: Number & Algebra > Forming Equations from Shapes,10,0,5,0,10,0,2,0,NOT_STARTED,,,
Mathematics,aqa-gcse-maths-higher,SS1: Number & Algebra,Problem Solving with Equations,problem-solving-equations,aqa-gcse-maths-higher:problem-solving-equations,SS1: Number & Algebra > Problem Solving with Equations,10,0,5,0,10,0,2,0,NOT_STARTED,,,
Mathematics,aqa-gcse-maths-higher,SS1: Number & Algebra,Introduction to Functions,introduction-to-functions,aqa-gcse-maths-higher:introduction-to-functions,SS1: Number & Algebra > Introduction to Functions,10,0,5,0,10,0,2,0,NOT_STARTED,,,
Mathematics,aqa-gcse-maths-higher,SS1: Number & Algebra,Composite Functions,composite-functions,aqa-gcse-maths-higher:composite-functions,SS1: Number & Algebra > Composite Functions,10,0,5,0,10,0,2,0,NOT_STARTED,,,
Mathematics,aqa-gcse-maths-higher,SS1: Number & Algebra,Inverse Functions,inverse-functions,aqa-gcse-maths-higher:inverse-functions,SS1: Number & Algebra > Inverse Functions,10,0,5,0,10,0,2,0,NOT_STARTED,,,
Mathematics,aqa-gcse-maths-higher,SS1: Number & Algebra,2D Coordinates,2d-coordinates,aqa-gcse-maths-higher:2d-coordinates,SS1: Number & Algebra > 2D Coordinates,10,0,5,0,10,0,2,0,NOT_STARTED,,,
Mathematics,aqa-gcse-maths-higher,SS1: Number & Algebra,Midpoint of a Line,midpoint-of-a-line,aqa-gcse-maths-higher:midpoint-of-a-line,SS1: Number & Algebra > Midpoint of a Line,10,0,5,0,10,0,2,0,NOT_STARTED,,,
Mathematics,aqa-gcse-maths-higher,SS1: Number & Algebra,Gradient of a Line,gradient-of-a-line,aqa-gcse-maths-higher:gradient-of-a-line,SS1: Number & Algebra > Gradient of a Line,10,0,5,0,10,0,2,0,NOT_STARTED,,,
Mathematics,aqa-gcse-maths-higher,SS1: Number & Algebra,Length of a Line,length-of-a-line,aqa-gcse-maths-higher:length-of-a-line,SS1: Number & Algebra > Length of a Line,10,0,5,0,10,0,2,0,NOT_STARTED,,,
Mathematics,aqa-gcse-maths-higher,SS1: Number & Algebra,Equations of Straight Lines (y = mx + c),equations-of-straight-lines,aqa-gcse-maths-higher:equations-of-straight-lines,SS1: Number & Algebra > Equations of Straight Lines (y = mx + c),10,0,5,0,10,0,2,0,NOT_STARTED,,,
Mathematics,aqa-gcse-maths-higher,SS1: Number & Algebra,Drawing Straight Line Graphs,drawing-straight-line-graphs,aqa-gcse-maths-higher:drawing-straight-line-graphs,SS1: Number & Algebra > Drawing Straight Line Graphs,10,0,5,0,10,0,2,0,NOT_STARTED,,,
Mathematics,aqa-gcse-maths-higher,SS1: Number & Algebra,Parallel Lines,parallel-lines,aqa-gcse-maths-higher:parallel-lines,SS1: Number & Algebra > Parallel Lines,10,0,5,0,10,0,2,0,NOT_STARTED,,,
Mathematics,aqa-gcse-maths-higher,SS1: Number & Algebra,Perpendicular Lines,perpendicular-lines,aqa-gcse-maths-higher:perpendicular-lines,SS1: Number & Algebra > Perpendicular Lines,10,0,5,0,10,0,2,0,NOT_STARTED,,,
Mathematics,aqa-gcse-maths-higher,SS1: Number & Algebra,Types of Graphs,types-of-graphs,aqa-gcse-maths-higher:types-of-graphs,SS1: Number & Algebra > Types of Graphs,10,0,5,0,10,0,2,0,NOT_STARTED,,,
Mathematics,aqa-gcse-maths-higher,SS1: Number & Algebra,Quadratic Graphs,quadratic-graphs,aqa-gcse-maths-higher:quadratic-graphs,SS1: Number & Algebra > Quadratic Graphs,10,0,5,0,10,0,2,0,NOT_STARTED,,,
Mathematics,aqa-gcse-maths-higher,SS1: Number & Algebra,Drawing Graphs from Tables,drawing-graphs-from-tables,aqa-gcse-maths-higher:drawing-graphs-from-tables,SS1: Number & Algebra > Drawing Graphs from Tables,10,0,5,0,10,0,2,0,NOT_STARTED,,,
Mathematics,aqa-gcse-maths-higher,SS1: Number & Algebra,Solving Equations Using Graphs,solving-equations-using-graphs,aqa-gcse-maths-higher:solving-equations-using-graphs,SS1: Number & Algebra > Solving Equations Using Graphs,10,0,5,0,10,0,2,0,NOT_STARTED,,,
Mathematics,aqa-gcse-maths-higher,SS1: Number & Algebra,Trigonometric Graphs,trigonometric-graphs,aqa-gcse-maths-higher:trigonometric-graphs,SS1: Number & Algebra > Trigonometric Graphs,10,0,5,0,10,0,2,0,NOT_STARTED,,,
Mathematics,aqa-gcse-maths-higher,SS1: Number & Algebra,Solving Trig Equations,solving-trig-equations,aqa-gcse-maths-higher:solving-trig-equations,SS1: Number & Algebra > Solving Trig Equations,10,0,5,0,10,0,2,0,NOT_STARTED,,,
Mathematics,aqa-gcse-maths-higher,SS1: Number & Algebra,Equation of a Circle,equation-of-a-circle,aqa-gcse-maths-higher:equation-of-a-circle,SS1: Number & Algebra > Equation of a Circle,10,0,5,0,10,0,2,0,NOT_STARTED,,,
Mathematics,aqa-gcse-maths-higher,SS1: Number & Algebra,Equation of a Tangent,equation-of-a-tangent,aqa-gcse-maths-higher:equation-of-a-tangent,SS1: Number & Algebra > Equation of a Tangent,10,0,5,0,10,0,2,0,NOT_STARTED,,,
Mathematics,aqa-gcse-maths-higher,SS1: Number & Algebra,Finding Gradients of Tangents,finding-gradients-of-tangents,aqa-gcse-maths-higher:finding-gradients-of-tangents,SS1: Number & Algebra > Finding Gradients of Tangents,10,0,5,0,10,0,2,0,NOT_STARTED,,,
Mathematics,aqa-gcse-maths-higher,SS1: Number & Algebra,Finding Areas under Graphs,finding-areas-under-graphs,aqa-gcse-maths-higher:finding-areas-under-graphs,SS1: Number & Algebra > Finding Areas under Graphs,10,0,5,0,10,0,2,0,NOT_STARTED,,,
Mathematics,aqa-gcse-maths-higher,SS1: Number & Algebra,Distance-Time Graphs,distance-time-graphs,aqa-gcse-maths-higher:distance-time-graphs,SS1: Number & Algebra > Distance-Time Graphs,10,0,5,0,10,0,2,0,NOT_STARTED,,,
Mathematics,aqa-gcse-maths-higher,SS1: Number & Algebra,Speed-Time Graphs,speed-time-graphs,aqa-gcse-maths-higher:speed-time-graphs,SS1: Number & Algebra > Speed-Time Graphs,10,0,5,0,10,0,2,0,NOT_STARTED,,,
Mathematics,aqa-gcse-maths-higher,SS1: Number & Algebra,Conversion Graphs,conversion-graphs,aqa-gcse-maths-higher:conversion-graphs,SS1: Number & Algebra > Conversion Graphs,10,0,5,0,10,0,2,0,NOT_STARTED,,,
Mathematics,aqa-gcse-maths-higher,SS1: Number & Algebra,Rates of Change of Graphs,rates-of-change-of-graphs,aqa-gcse-maths-higher:rates-of-change-of-graphs,SS1: Number & Algebra > Rates of Change of Graphs,10,0,5,0,10,0,2,0,NOT_STARTED,,,
Mathematics,aqa-gcse-maths-higher,SS1: Number & Algebra,Solving Linear Inequalities,solving-linear-inequalities,aqa-gcse-maths-higher:solving-linear-inequalities,SS1: Number & Algebra > Solving Linear Inequalities,10,0,5,0,10,0,2,0,NOT_STARTED,,,
Mathematics,aqa-gcse-maths-higher,SS1: Number & Algebra,Solving Quadratic Inequalities,solving-quadratic-inequalities,aqa-gcse-maths-higher:solving-quadratic-inequalities,SS1: Number & Algebra > Solving Quadratic Inequalities,10,0,5,0,10,0,2,0,NOT_STARTED,,,
Mathematics,aqa-gcse-maths-higher,SS1: Number & Algebra,Representing Inequalities as Regions,inequalities-as-regions,aqa-gcse-maths-higher:inequalities-as-regions,SS1: Number & Algebra > Representing Inequalities as Regions,10,0,5,0,10,0,2,0,NOT_STARTED,,,
Mathematics,aqa-gcse-maths-higher,SS1: Number & Algebra,Finding Inequalities from Regions,finding-inequalities-from-regions,aqa-gcse-maths-higher:finding-inequalities-from-regions,SS1: Number & Algebra > Finding Inequalities from Regions,10,0,5,0,10,0,2,0,NOT_STARTED,,,
Mathematics,aqa-gcse-maths-higher,SS1: Number & Algebra,Translations of Graphs,translations-of-graphs,aqa-gcse-maths-higher:translations-of-graphs,SS1: Number & Algebra > Translations of Graphs,10,0,5,0,10,0,2,0,NOT_STARTED,,,
Mathematics,aqa-gcse-maths-higher,SS1: Number & Algebra,Reflections of Graphs,reflections-of-graphs,aqa-gcse-maths-higher:reflections-of-graphs,SS1: Number & Algebra > Reflections of Graphs,10,0,5,0,10,0,2,0,NOT_STARTED,,,
Mathematics,aqa-gcse-maths-higher,SS1: Number & Algebra,Introduction to Sequences,introduction-to-sequences,aqa-gcse-maths-higher:introduction-to-sequences,SS1: Number & Algebra > Introduction to Sequences,10,0,5,0,10,0,2,0,NOT_STARTED,,,
Mathematics,aqa-gcse-maths-higher,SS1: Number & Algebra,Types of Sequences,types-of-sequences,aqa-gcse-maths-higher:types-of-sequences,SS1: Number & Algebra > Types of Sequences,10,0,5,0,10,0,2,0,NOT_STARTED,,,
Mathematics,aqa-gcse-maths-higher,SS1: Number & Algebra,nth Terms of Linear Sequences,nth-terms-linear-sequences,aqa-gcse-maths-higher:nth-terms-linear-sequences,SS1: Number & Algebra > nth Terms of Linear Sequences,10,0,5,0,10,0,2,0,NOT_STARTED,,,
Mathematics,aqa-gcse-maths-higher,SS1: Number & Algebra,Quadratic Sequences,quadratic-sequences,aqa-gcse-maths-higher:quadratic-sequences,SS1: Number & Algebra > Quadratic Sequences,10,0,5,0,10,0,2,0,NOT_STARTED,,,
Mathematics,aqa-gcse-maths-higher,"SS2: Ratio, Geometry, Probability & Statistics",,Introduction to Ratios,introduction-to-ratios,aqa-gcse-maths-higher:introduction-to-ratios,10,0,5,0,10,0,2,0,NOT_STARTED,,,
Mathematics,aqa-gcse-maths-higher,"SS2: Ratio, Geometry, Probability & Statistics",,Sharing in a Ratio,sharing-in-a-ratio,aqa-gcse-maths-higher:sharing-in-a-ratio,10,0,5,0,10,0,2,0,NOT_STARTED,,,
Mathematics,aqa-gcse-maths-higher,"SS2: Ratio, Geometry, Probability & Statistics",,Working with Proportion,working-with-proportion,aqa-gcse-maths-higher:working-with-proportion,10,0,5,0,10,0,2,0,NOT_STARTED,,,
Mathematics,aqa-gcse-maths-higher,"SS2: Ratio, Geometry, Probability & Statistics",,"Ratios with Fractions, Decimals & Percentages",,ratios-fractions-decimals-percentages,10,0,5,0,10,0,2,0,NOT_STARTED,,,
Mathematics,aqa-gcse-maths-higher,"SS2: Ratio, Geometry, Probability & Statistics",,Multiple Ratios,multiple-ratios,aqa-gcse-maths-higher:multiple-ratios,10,0,5,0,10,0,2,0,NOT_STARTED,,,
Mathematics,aqa-gcse-maths-higher,"SS2: Ratio, Geometry, Probability & Statistics",,Direct Proportion,direct-proportion,aqa-gcse-maths-higher:direct-proportion,10,0,5,0,10,0,2,0,NOT_STARTED,,,
Mathematics,aqa-gcse-maths-higher,"SS2: Ratio, Geometry, Probability & Statistics",,Inverse Proportion,inverse-proportion,aqa-gcse-maths-higher:inverse-proportion,10,0,5,0,10,0,2,0,NOT_STARTED,,,
Mathematics,aqa-gcse-maths-higher,"SS2: Ratio, Geometry, Probability & Statistics",,Time,time,aqa-gcse-maths-higher:time,10,0,5,0,10,0,2,0,NOT_STARTED,,,
Mathematics,aqa-gcse-maths-higher,"SS2: Ratio, Geometry, Probability & Statistics",,Converting between Units,converting-between-units,aqa-gcse-maths-higher:converting-between-units,10,0,5,0,10,0,2,0,NOT_STARTED,,,
Mathematics,aqa-gcse-maths-higher,"SS2: Ratio, Geometry, Probability & Statistics",,Squared & Cubic Units,squared-cubic-units,aqa-gcse-maths-higher:squared-cubic-units,10,0,5,0,10,0,2,0,NOT_STARTED,,,
Mathematics,aqa-gcse-maths-higher,"SS2: Ratio, Geometry, Probability & Statistics",,Compound Measures,compound-measures,aqa-gcse-maths-higher:compound-measures,10,0,5,0,10,0,2,0,NOT_STARTED,,,
Mathematics,aqa-gcse-maths-higher,"SS2: Ratio, Geometry, Probability & Statistics",,"Speed, Density & Pressure",,speed-density-pressure,10,0,5,0,10,0,2,0,NOT_STARTED,,,
Mathematics,aqa-gcse-maths-higher,"SS2: Ratio, Geometry, Probability & Statistics",,Exchange Rates,exchange-rates,aqa-gcse-maths-higher:exchange-rates,10,0,5,0,10,0,2,0,NOT_STARTED,,,
Mathematics,aqa-gcse-maths-higher,"SS2: Ratio, Geometry, Probability & Statistics",,Best Buys,best-buys,aqa-gcse-maths-higher:best-buys,10,0,5,0,10,0,2,0,NOT_STARTED,,,
Mathematics,aqa-gcse-maths-higher,"SS2: Ratio, Geometry, Probability & Statistics",,Rotational Symmetry,rotational-symmetry,aqa-gcse-maths-higher:rotational-symmetry,10,0,5,0,10,0,2,0,NOT_STARTED,,,
Mathematics,aqa-gcse-maths-higher,"SS2: Ratio, Geometry, Probability & Statistics",,Lines of Symmetry,lines-of-symmetry,aqa-gcse-maths-higher:lines-of-symmetry,10,0,5,0,10,0,2,0,NOT_STARTED,,,
Mathematics,aqa-gcse-maths-higher,"SS2: Ratio, Geometry, Probability & Statistics",,Planes of Symmetry,planes-of-symmetry,aqa-gcse-maths-higher:planes-of-symmetry,10,0,5,0,10,0,2,0,NOT_STARTED,,,
Mathematics,aqa-gcse-maths-higher,"SS2: Ratio, Geometry, Probability & Statistics",,2D Shapes,2d-shapes,aqa-gcse-maths-higher:2d-shapes,10,0,5,0,10,0,2,0,NOT_STARTED,,,
Mathematics,aqa-gcse-maths-higher,"SS2: Ratio, Geometry, Probability & Statistics",,3D Shapes,3d-shapes,aqa-gcse-maths-higher:3d-shapes,10,0,5,0,10,0,2,0,NOT_STARTED,,,
Mathematics,aqa-gcse-maths-higher,"SS2: Ratio, Geometry, Probability & Statistics",,Plans & Elevations,plans-elevations,aqa-gcse-maths-higher:plans-elevations,10,0,5,0,10,0,2,0,NOT_STARTED,,,
Mathematics,aqa-gcse-maths-higher,"SS2: Ratio, Geometry, Probability & Statistics",,Basic Angle Properties,basic-angle-properties,aqa-gcse-maths-higher:basic-angle-properties,10,0,5,0,10,0,2,0,NOT_STARTED,,,
Mathematics,aqa-gcse-maths-higher,"SS2: Ratio, Geometry, Probability & Statistics",,Angles in Polygons,angles-in-polygons,aqa-gcse-maths-higher:angles-in-polygons,10,0,5,0,10,0,2,0,NOT_STARTED,,,
Mathematics,aqa-gcse-maths-higher,"SS2: Ratio, Geometry, Probability & Statistics",,Angles in Parallel Lines,angles-in-parallel-lines,aqa-gcse-maths-higher:angles-in-parallel-lines,10,0,5,0,10,0,2,0,NOT_STARTED,,,
Mathematics,aqa-gcse-maths-higher,"SS2: Ratio, Geometry, Probability & Statistics",,Bearings,bearings,aqa-gcse-maths-higher:bearings,10,0,5,0,10,0,2,0,NOT_STARTED,,,
Mathematics,aqa-gcse-maths-higher,"SS2: Ratio, Geometry, Probability & Statistics",,Scale,scale,aqa-gcse-maths-higher:scale,10,0,5,0,10,0,2,0,NOT_STARTED,,,
Mathematics,aqa-gcse-maths-higher,"SS2: Ratio, Geometry, Probability & Statistics",,Constructing Triangles,constructing-triangles,aqa-gcse-maths-higher:constructing-triangles,10,0,5,0,10,0,2,0,NOT_STARTED,,,
Mathematics,aqa-gcse-maths-higher,"SS2: Ratio, Geometry, Probability & Statistics",,Constructions,constructions,aqa-gcse-maths-higher:constructions,10,0,5,0,10,0,2,0,NOT_STARTED,,,
Mathematics,aqa-gcse-maths-higher,"SS2: Ratio, Geometry, Probability & Statistics",,Loci,loci,aqa-gcse-maths-higher:loci,10,0,5,0,10,0,2,0,NOT_STARTED,,,
Mathematics,aqa-gcse-maths-higher,"SS2: Ratio, Geometry, Probability & Statistics",,Angles at Centre & Circumference,angles-centre-circumference,aqa-gcse-maths-higher:angles-centre-circumference,10,0,5,0,10,0,2,0,NOT_STARTED,,,
Mathematics,aqa-gcse-maths-higher,"SS2: Ratio, Geometry, Probability & Statistics",,Angle in a Semicircle,angle-in-a-semicircle,aqa-gcse-maths-higher:angle-in-a-semicircle,10,0,5,0,10,0,2,0,NOT_STARTED,,,
Mathematics,aqa-gcse-maths-higher,"SS2: Ratio, Geometry, Probability & Statistics",,Theorems with Chords & Tangents,theorems-chords-tangents,aqa-gcse-maths-higher:theorems-chords-tangents,10,0,5,0,10,0,2,0,NOT_STARTED,,,
Mathematics,aqa-gcse-maths-higher,"SS2: Ratio, Geometry, Probability & Statistics",,Angles in Cyclic Quadrilaterals,angles-cyclic-quadrilaterals,aqa-gcse-maths-higher:angles-cyclic-quadrilaterals,10,0,5,0,10,0,2,0,NOT_STARTED,,,
Mathematics,aqa-gcse-maths-higher,"SS2: Ratio, Geometry, Probability & Statistics",,Angles in the Same Segment,angles-same-segment,aqa-gcse-maths-higher:angles-same-segment,10,0,5,0,10,0,2,0,NOT_STARTED,,,
Mathematics,aqa-gcse-maths-higher,"SS2: Ratio, Geometry, Probability & Statistics",,The Alternate Segment Theorem,alternate-segment-theorem,aqa-gcse-maths-higher:alternate-segment-theorem,10,0,5,0,10,0,2,0,NOT_STARTED,,,
Mathematics,aqa-gcse-maths-higher,"SS2: Ratio, Geometry, Probability & Statistics",,Circle Theorem Proofs,circle-theorem-proofs,aqa-gcse-maths-higher:circle-theorem-proofs,10,0,5,0,10,0,2,0,NOT_STARTED,,,
Mathematics,aqa-gcse-maths-higher,"SS2: Ratio, Geometry, Probability & Statistics",,Perimeter,perimeter,aqa-gcse-maths-higher:perimeter,10,0,5,0,10,0,2,0,NOT_STARTED,,,
Mathematics,aqa-gcse-maths-higher,"SS2: Ratio, Geometry, Probability & Statistics",,Area,area,aqa-gcse-maths-higher:area,10,0,5,0,10,0,2,0,NOT_STARTED,,,
Mathematics,aqa-gcse-maths-higher,"SS2: Ratio, Geometry, Probability & Statistics",,Adding & Subtracting Areas,adding-subtracting-areas,aqa-gcse-maths-higher:adding-subtracting-areas,10,0,5,0,10,0,2,0,NOT_STARTED,,,
Mathematics,aqa-gcse-maths-higher,"SS2: Ratio, Geometry, Probability & Statistics",,Problem Solving with Areas,problem-solving-areas,aqa-gcse-maths-higher:problem-solving-areas,10,0,5,0,10,0,2,0,NOT_STARTED,,,
Mathematics,aqa-gcse-maths-higher,"SS2: Ratio, Geometry, Probability & Statistics",,Area & Circumference of Circles,area-circumference-circles,aqa-gcse-maths-higher:area-circumference-circles,10,0,5,0,10,0,2,0,NOT_STARTED,,,
Mathematics,aqa-gcse-maths-higher,"SS2: Ratio, Geometry, Probability & Statistics",,Arc Lengths & Sector Areas,arc-lengths-sector-areas,aqa-gcse-maths-higher:arc-lengths-sector-areas,10,0,5,0,10,0,2,0,NOT_STARTED,,,
Mathematics,aqa-gcse-maths-higher,"SS2: Ratio, Geometry, Probability & Statistics",,Volume,volume,aqa-gcse-maths-higher:volume,10,0,5,0,10,0,2,0,NOT_STARTED,,,
Mathematics,aqa-gcse-maths-higher,"SS2: Ratio, Geometry, Probability & Statistics",,Problem Solving with Volumes,problem-solving-volumes,aqa-gcse-maths-higher:problem-solving-volumes,10,0,5,0,10,0,2,0,NOT_STARTED,,,
Mathematics,aqa-gcse-maths-higher,"SS2: Ratio, Geometry, Probability & Statistics",,Surface Area,surface-area,aqa-gcse-maths-higher:surface-area,10,0,5,0,10,0,2,0,NOT_STARTED,,,
Mathematics,aqa-gcse-maths-higher,"SS2: Ratio, Geometry, Probability & Statistics",,Congruence,congruence,aqa-gcse-maths-higher:congruence,10,0,5,0,10,0,2,0,NOT_STARTED,,,
Mathematics,aqa-gcse-maths-higher,"SS2: Ratio, Geometry, Probability & Statistics",,Congruent Triangles,congruent-triangles,aqa-gcse-maths-higher:congruent-triangles,10,0,5,0,10,0,2,0,NOT_STARTED,,,
Mathematics,aqa-gcse-maths-higher,"SS2: Ratio, Geometry, Probability & Statistics",,Similarity,similarity,aqa-gcse-maths-higher:similarity,10,0,5,0,10,0,2,0,NOT_STARTED,,,
Mathematics,aqa-gcse-maths-higher,"SS2: Ratio, Geometry, Probability & Statistics",,Similar Lengths,similar-lengths,aqa-gcse-maths-higher:similar-lengths,10,0,5,0,10,0,2,0,NOT_STARTED,,,
Mathematics,aqa-gcse-maths-higher,"SS2: Ratio, Geometry, Probability & Statistics",,Geometrical Proof,geometrical-proof,aqa-gcse-maths-higher:geometrical-proof,10,0,5,0,10,0,2,0,NOT_STARTED,,,
Mathematics,aqa-gcse-maths-higher,"SS2: Ratio, Geometry, Probability & Statistics",,Similar Areas & Volumes,similar-areas-volumes,aqa-gcse-maths-higher:similar-areas-volumes,10,0,5,0,10,0,2,0,NOT_STARTED,,,
Mathematics,aqa-gcse-maths-higher,"SS2: Ratio, Geometry, Probability & Statistics",,Pythagoras Theorem,pythagoras-theorem,aqa-gcse-maths-higher:pythagoras-theorem,10,0,5,0,10,0,2,0,NOT_STARTED,,,
Mathematics,aqa-gcse-maths-higher,"SS2: Ratio, Geometry, Probability & Statistics",,SOHCAHTOA,sohcahtoa,aqa-gcse-maths-higher:sohcahtoa,10,0,5,0,10,0,2,0,NOT_STARTED,,,
Mathematics,aqa-gcse-maths-higher,"SS2: Ratio, Geometry, Probability & Statistics",,Angles of Elevation & Depression,angles-elevation-depression,aqa-gcse-maths-higher:angles-elevation-depression,10,0,5,0,10,0,2,0,NOT_STARTED,,,
Mathematics,aqa-gcse-maths-higher,"SS2: Ratio, Geometry, Probability & Statistics",,Exact Trig Values,exact-trig-values,aqa-gcse-maths-higher:exact-trig-values,10,0,5,0,10,0,2,0,NOT_STARTED,,,
Mathematics,aqa-gcse-maths-higher,"SS2: Ratio, Geometry, Probability & Statistics",,The Sine Rule,sine-rule,aqa-gcse-maths-higher:sine-rule,10,0,5,0,10,0,2,0,NOT_STARTED,,,
Mathematics,aqa-gcse-maths-higher,"SS2: Ratio, Geometry, Probability & Statistics",,The Cosine Rule,cosine-rule,aqa-gcse-maths-higher:cosine-rule,10,0,5,0,10,0,2,0,NOT_STARTED,,,
Mathematics,aqa-gcse-maths-higher,"SS2: Ratio, Geometry, Probability & Statistics",,Area of a Triangle,area-of-a-triangle,aqa-gcse-maths-higher:area-of-a-triangle,10,0,5,0,10,0,2,0,NOT_STARTED,,,
Mathematics,aqa-gcse-maths-higher,"SS2: Ratio, Geometry, Probability & Statistics",,Deciding the Trigonometric Rule,deciding-trigonometric-rule,aqa-gcse-maths-higher:deciding-trigonometric-rule,10,0,5,0,10,0,2,0,NOT_STARTED,,,
Mathematics,aqa-gcse-maths-higher,"SS2: Ratio, Geometry, Probability & Statistics",,3D Pythagoras & Trigonometry,3d-pythagoras-trigonometry,aqa-gcse-maths-higher:3d-pythagoras-trigonometry,10,0,5,0,10,0,2,0,NOT_STARTED,,,
Mathematics,aqa-gcse-maths-higher,"SS2: Ratio, Geometry, Probability & Statistics",,Introduction to Column Vectors,introduction-to-column-vectors,aqa-gcse-maths-higher:introduction-to-column-vectors,10,0,5,0,10,0,2,0,NOT_STARTED,,,
Mathematics,aqa-gcse-maths-higher,"SS2: Ratio, Geometry, Probability & Statistics",,Representing Vectors as Diagrams,representing-vectors-diagrams,aqa-gcse-maths-higher:representing-vectors-diagrams,10,0,5,0,10,0,2,0,NOT_STARTED,,,
Mathematics,aqa-gcse-maths-higher,"SS2: Ratio, Geometry, Probability & Statistics",,Length of a Vector,length-of-a-vector,aqa-gcse-maths-higher:length-of-a-vector,10,0,5,0,10,0,2,0,NOT_STARTED,,,
Mathematics,aqa-gcse-maths-higher,"SS2: Ratio, Geometry, Probability & Statistics",,Position & Displacement Vectors,position-displacement-vectors,aqa-gcse-maths-higher:position-displacement-vectors,10,0,5,0,10,0,2,0,NOT_STARTED,,,
Mathematics,aqa-gcse-maths-higher,"SS2: Ratio, Geometry, Probability & Statistics",,Finding Vector Paths,finding-vector-paths,aqa-gcse-maths-higher:finding-vector-paths,10,0,5,0,10,0,2,0,NOT_STARTED,,,
Mathematics,aqa-gcse-maths-higher,"SS2: Ratio, Geometry, Probability & Statistics",,Problem Solving with Vectors,problem-solving-vectors,aqa-gcse-maths-higher:problem-solving-vectors,10,0,5,0,10,0,2,0,NOT_STARTED,,,
Mathematics,aqa-gcse-maths-higher,"SS2: Ratio, Geometry, Probability & Statistics",,Translations,translations,aqa-gcse-maths-higher:translations,10,0,5,0,10,0,2,0,NOT_STARTED,,,
Mathematics,aqa-gcse-maths-higher,"SS2: Ratio, Geometry, Probability & Statistics",,Reflections,reflections,aqa-gcse-maths-higher:reflections,10,0,5,0,10,0,2,0,NOT_STARTED,,,
Mathematics,aqa-gcse-maths-higher,"SS2: Ratio, Geometry, Probability & Statistics",,Rotations,rotations,aqa-gcse-maths-higher:rotations,10,0,5,0,10,0,2,0,NOT_STARTED,,,
Mathematics,aqa-gcse-maths-higher,"SS2: Ratio, Geometry, Probability & Statistics",,Enlargements,enlargements,aqa-gcse-maths-higher:enlargements,10,0,5,0,10,0,2,0,NOT_STARTED,,,
Mathematics,aqa-gcse-maths-higher,"SS2: Ratio, Geometry, Probability & Statistics",,Combination of Transformations,combination-of-transformations,aqa-gcse-maths-higher:combination-of-transformations,10,0,5,0,10,0,2,0,NOT_STARTED,,,
Mathematics,aqa-gcse-maths-higher,"SS2: Ratio, Geometry, Probability & Statistics",,Basic Probability,basic-probability,aqa-gcse-maths-higher:basic-probability,10,0,5,0,10,0,2,0,NOT_STARTED,,,
Mathematics,aqa-gcse-maths-higher,"SS2: Ratio, Geometry, Probability & Statistics",,Sample Space Diagrams,sample-space-diagrams,aqa-gcse-maths-higher:sample-space-diagrams,10,0,5,0,10,0,2,0,NOT_STARTED,,,
Mathematics,aqa-gcse-maths-higher,"SS2: Ratio, Geometry, Probability & Statistics",,Relative & Expected Frequency,relative-expected-frequency,aqa-gcse-maths-higher:relative-expected-frequency,10,0,5,0,10,0,2,0,NOT_STARTED,,,
Mathematics,aqa-gcse-maths-higher,"SS2: Ratio, Geometry, Probability & Statistics",,Two-Way Tables,two-way-tables,aqa-gcse-maths-higher:two-way-tables,10,0,5,0,10,0,2,0,NOT_STARTED,,,
Mathematics,aqa-gcse-maths-higher,"SS2: Ratio, Geometry, Probability & Statistics",,Frequency Trees,frequency-trees,aqa-gcse-maths-higher:frequency-trees,10,0,5,0,10,0,2,0,NOT_STARTED,,,
Mathematics,aqa-gcse-maths-higher,"SS2: Ratio, Geometry, Probability & Statistics",,Set Notation & Venn Diagrams,set-notation-venn-diagrams,aqa-gcse-maths-higher:set-notation-venn-diagrams,10,0,5,0,10,0,2,0,NOT_STARTED,,,
Mathematics,aqa-gcse-maths-higher,"SS2: Ratio, Geometry, Probability & Statistics",,Probability Tree Diagrams,probability-tree-diagrams,aqa-gcse-maths-higher:probability-tree-diagrams,10,0,5,0,10,0,2,0,NOT_STARTED,,,
Mathematics,aqa-gcse-maths-higher,"SS2: Ratio, Geometry, Probability & Statistics",,Combined Probabilities,combined-probabilities,aqa-gcse-maths-higher:combined-probabilities,10,0,5,0,10,0,2,0,NOT_STARTED,,,
Mathematics,aqa-gcse-maths-higher,"SS2: Ratio, Geometry, Probability & Statistics",,Conditional Probability,conditional-probability,aqa-gcse-maths-higher:conditional-probability,10,0,5,0,10,0,2,0,NOT_STARTED,,,
Mathematics,aqa-gcse-maths-higher,"SS2: Ratio, Geometry, Probability & Statistics",,Combined Conditional Probabilities,combined-conditional-probabilities,aqa-gcse-maths-higher:combined-conditional-probabilities,10,0,5,0,10,0,2,0,NOT_STARTED,,,
Mathematics,aqa-gcse-maths-higher,"SS2: Ratio, Geometry, Probability & Statistics",,"Mean, Median & Mode",,mean-median-mode,10,0,5,0,10,0,2,0,NOT_STARTED,,,
Mathematics,aqa-gcse-maths-higher,"SS2: Ratio, Geometry, Probability & Statistics",,Calculations with the Mean,calculations-with-the-mean,aqa-gcse-maths-higher:calculations-with-the-mean,10,0,5,0,10,0,2,0,NOT_STARTED,,,
Mathematics,aqa-gcse-maths-higher,"SS2: Ratio, Geometry, Probability & Statistics",,Averages from Tables,averages-from-tables,aqa-gcse-maths-higher:averages-from-tables,10,0,5,0,10,0,2,0,NOT_STARTED,,,
Mathematics,aqa-gcse-maths-higher,"SS2: Ratio, Geometry, Probability & Statistics",,Averages from Grouped Data,averages-from-grouped-data,aqa-gcse-maths-higher:averages-from-grouped-data,10,0,5,0,10,0,2,0,NOT_STARTED,,,
Mathematics,aqa-gcse-maths-higher,"SS2: Ratio, Geometry, Probability & Statistics",,Range & Interquartile Range,range-interquartile-range,aqa-gcse-maths-higher:range-interquartile-range,10,0,5,0,10,0,2,0,NOT_STARTED,,,
Mathematics,aqa-gcse-maths-higher,"SS2: Ratio, Geometry, Probability & Statistics",,Comparing Data Sets,comparing-data-sets,aqa-gcse-maths-higher:comparing-data-sets,10,0,5,0,10,0,2,0,NOT_STARTED,,,
Mathematics,aqa-gcse-maths-higher,"SS2: Ratio, Geometry, Probability & Statistics",,Population & Sampling,population-sampling,aqa-gcse-maths-higher:population-sampling,10,0,5,0,10,0,2,0,NOT_STARTED,,,
Mathematics,aqa-gcse-maths-higher,"SS2: Ratio, Geometry, Probability & Statistics",,Bar Charts & Pictograms,bar-charts-pictograms,aqa-gcse-maths-higher:bar-charts-pictograms,10,0,5,0,10,0,2,0,NOT_STARTED,,,
Mathematics,aqa-gcse-maths-higher,"SS2: Ratio, Geometry, Probability & Statistics",,Pie Charts,pie-charts,aqa-gcse-maths-higher:pie-charts,10,0,5,0,10,0,2,0,NOT_STARTED,,,
Mathematics,aqa-gcse-maths-higher,"SS2: Ratio, Geometry, Probability & Statistics",,Time Series Graphs,time-series-graphs,aqa-gcse-maths-higher:time-series-graphs,10,0,5,0,10,0,2,0,NOT_STARTED,,,
Mathematics,aqa-gcse-maths-higher,"SS2: Ratio, Geometry, Probability & Statistics",,Reading & Interpreting Statistical Diagrams,reading-interpreting-statistical-diagrams,aqa-gcse-maths-higher:reading-interpreting-statistical-diagrams,10,0,5,0,10,0,2,0,NOT_STARTED,,,
Mathematics,aqa-gcse-maths-higher,"SS2: Ratio, Geometry, Probability & Statistics",,Comparing Statistical Diagrams,comparing-statistical-diagrams,aqa-gcse-maths-higher:comparing-statistical-diagrams,10,0,5,0,10,0,2,0,NOT_STARTED,,,
Mathematics,aqa-gcse-maths-higher,"SS2: Ratio, Geometry, Probability & Statistics",,Frequency Density,frequency-density,aqa-gcse-maths-higher:frequency-density,10,0,5,0,10,0,2,0,NOT_STARTED,,,
Mathematics,aqa-gcse-maths-higher,"SS2: Ratio, Geometry, Probability & Statistics",,Drawing Histograms,drawing-histograms,aqa-gcse-maths-higher:drawing-histograms,10,0,5,0,10,0,2,0,NOT_STARTED,,,
Mathematics,aqa-gcse-maths-higher,"SS2: Ratio, Geometry, Probability & Statistics",,Interpreting Histograms,interpreting-histograms,aqa-gcse-maths-higher:interpreting-histograms,10,0,5,0,10,0,2,0,NOT_STARTED,,,
Mathematics,aqa-gcse-maths-higher,"SS2: Ratio, Geometry, Probability & Statistics",,Cumulative Frequency,cumulative-frequency,aqa-gcse-maths-higher:cumulative-frequency,10,0,5,0,10,0,2,0,NOT_STARTED,,,
Mathematics,aqa-gcse-maths-higher,"SS2: Ratio, Geometry, Probability & Statistics",,Drawing Cumulative Frequency Diagrams,drawing-cumulative-frequency-diagrams,aqa-gcse-maths-higher:drawing-cumulative-frequency-diagrams,10,0,5,0,10,0,2,0,NOT_STARTED,,,
Mathematics,aqa-gcse-maths-higher,"SS2: Ratio, Geometry, Probability & Statistics",,Interpreting Cumulative Frequency Diagrams,interpreting-cumulative-frequency-diagrams,aqa-gcse-maths-higher:interpreting-cumulative-frequency-diagrams,10,0,5,0,10,0,2,0,NOT_STARTED,,,
Mathematics,aqa-gcse-maths-higher,"SS2: Ratio, Geometry, Probability & Statistics",,Box Plots,box-plots,aqa-gcse-maths-higher:box-plots,10,0,5,0,10,0,2,0,NOT_STARTED,,,
Mathematics,aqa-gcse-maths-higher,"SS2: Ratio, Geometry, Probability & Statistics",,Scatter Graphs & Correlation,scatter-graphs-correlation,aqa-gcse-maths-higher:scatter-graphs-correlation,10,0,5,0,10,0,2,0,NOT_STARTED,,,
Mathematics,aqa-gcse-maths-higher,"SS2: Ratio, Geometry, Probability & Statistics",,Lines of Best Fit,lines-of-best-fit,aqa-gcse-maths-higher:lines-of-best-fit,10,0,5,0,10,0,2,0,NOT_STARTED,,,
Physics,aqa-gcse-physics,Energy,Energy Stores & Transfers,energy-stores-and-transfers,aqa-gcse-physics:energy-stores-and-transfers,Energy > Energy Stores & Transfers,10,0,5,0,10,0,2,0,NOT_STARTED,,,
Physics,aqa-gcse-physics,Energy,Examples of Energy Transfer,examples-of-energy-transfer,aqa-gcse-physics:examples-of-energy-transfer,Energy > Examples of Energy Transfer,10,0,5,0,10,0,2,0,NOT_STARTED,,,
Physics,aqa-gcse-physics,Energy,Kinetic Energy,kinetic-energy,aqa-gcse-physics:kinetic-energy,Energy > Kinetic Energy,10,0,5,0,10,0,2,0,NOT_STARTED,,,
Physics,aqa-gcse-physics,Energy,Gravitational Potential Energy,gravitational-potential-energy,aqa-gcse-physics:gravitational-potential-energy,Energy > Gravitational Potential Energy,10,0,5,0,10,0,2,0,NOT_STARTED,,,
Physics,aqa-gcse-physics,Energy,Elastic Potential Energy,elastic-potential-energy,aqa-gcse-physics:elastic-potential-energy,Energy > Elastic Potential Energy,10,0,5,0,10,0,2,0,NOT_STARTED,,,
Physics,aqa-gcse-physics,Energy,"KE, GPE & EPE",,ke-gpe-and-epe,aqa-gcse-physics:ke-gpe-and-epe,10,0,5,0,10,0,2,0,NOT_STARTED,,,
Physics,aqa-gcse-physics,Energy,Thermal Energy,thermal-energy,aqa-gcse-physics:thermal-energy,Energy > Thermal Energy,10,0,5,0,10,0,2,0,NOT_STARTED,,,
Physics,aqa-gcse-physics,Energy,Required Practical: Investigating Specific Heat Capacity,required-practical-investigating-specific-heat-capacity,aqa-gcse-physics:required-practical-investigating-specific-heat-capacity,Energy > Required Practical: Investigating Specific Heat Capacity,10,0,5,0,10,0,2,0,NOT_STARTED,,,
Physics,aqa-gcse-physics,Energy,Changes in Energy,changes-in-energy,aqa-gcse-physics:changes-in-energy,Energy > Changes in Energy,10,0,5,0,10,0,2,0,NOT_STARTED,,,
Physics,aqa-gcse-physics,Energy,Power,power,aqa-gcse-physics:power,Energy > Power,10,0,5,0,10,0,2,0,NOT_STARTED,,,
Physics,aqa-gcse-physics,Energy,Conservation & Dissipation of Energy,conservation-and-dissipation-of-energy,aqa-gcse-physics:conservation-and-dissipation-of-energy,Energy > Conservation & Dissipation of Energy,10,0,5,0,10,0,2,0,NOT_STARTED,,,
Physics,aqa-gcse-physics,Energy,Wasted Energy,wasted-energy,aqa-gcse-physics:wasted-energy,Energy > Wasted Energy,10,0,5,0,10,0,2,0,NOT_STARTED,,,
Physics,aqa-gcse-physics,Energy,Conduction of Heat,conduction-of-heat,aqa-gcse-physics:conduction-of-heat,Energy > Conduction of Heat,10,0,5,0,10,0,2,0,NOT_STARTED,,,
Physics,aqa-gcse-physics,Energy,Required Practical: Investigating Insulation,required-practical-investigating-insulation,aqa-gcse-physics:required-practical-investigating-insulation,Energy > Required Practical: Investigating Insulation,10,0,5,0,10,0,2,0,NOT_STARTED,,,
Physics,aqa-gcse-physics,Energy,Efficiency,efficiency,aqa-gcse-physics:efficiency,Energy > Efficiency,10,0,5,0,10,0,2,0,NOT_STARTED,,,
Physics,aqa-gcse-physics,Energy,Improving Efficiency,improving-efficiency,aqa-gcse-physics:improving-efficiency,Energy > Improving Efficiency,10,0,5,0,10,0,2,0,NOT_STARTED,,,
Physics,aqa-gcse-physics,Energy,Energy Resources,energy-resources,aqa-gcse-physics:energy-resources,Energy > Energy Resources,10,0,5,0,10,0,2,0,NOT_STARTED,,,
Physics,aqa-gcse-physics,Energy,Comparing Energy Resources,comparing-energy-resources,aqa-gcse-physics:comparing-energy-resources,Energy > Comparing Energy Resources,10,0,5,0,10,0,2,0,NOT_STARTED,,,
Physics,aqa-gcse-physics,Energy,Environmental Issues,environmental-issues,aqa-gcse-physics:environmental-issues,Energy > Environmental Issues,10,0,5,0,10,0,2,0,NOT_STARTED,,,
Physics,aqa-gcse-physics,Electricity,Circuit Diagrams,circuit-diagrams,aqa-gcse-physics:circuit-diagrams,Electricity > Circuit Diagrams,10,0,5,0,10,0,2,0,NOT_STARTED,,,
Physics,aqa-gcse-physics,Electricity,Charge & Current,charge-and-current,aqa-gcse-physics:charge-and-current,Electricity > Charge & Current,10,0,5,0,10,0,2,0,NOT_STARTED,,,
Physics,aqa-gcse-physics,Electricity,"Current, Resistance & Potential Difference",,current-resistance-and-potential-difference,aqa-gcse-physics:current-resistance-and-potential-difference,10,0,5,0,10,0,2,0,NOT_STARTED,,,
Physics,aqa-gcse-physics,Electricity,Required Practical: Investigating Resistance,required-practical-investigating-resistance,aqa-gcse-physics:required-practical-investigating-resistance,Electricity > Required Practical: Investigating Resistance,10,0,5,0,10,0,2,0,NOT_STARTED,,,
Physics,aqa-gcse-physics,Electricity,Resistors,resistors,aqa-gcse-physics:resistors,Electricity > Resistors,10,0,5,0,10,0,2,0,NOT_STARTED,,,
Physics,aqa-gcse-physics,Electricity,I–V Graphs,i-v-graphs,aqa-gcse-physics:i-v-graphs,Electricity > I–V Graphs,10,0,5,0,10,0,2,0,NOT_STARTED,,,
Physics,aqa-gcse-physics,Electricity,Thermistors,thermistors,aqa-gcse-physics:thermistors,Electricity > Thermistors,10,0,5,0,10,0,2,0,NOT_STARTED,,,
Physics,aqa-gcse-physics,Electricity,LDRs,ldrs,aqa-gcse-physics:ldrs,Electricity > LDRs,10,0,5,0,10,0,2,0,NOT_STARTED,,,
Physics,aqa-gcse-physics,Electricity,Investigating Resistance in Thermistors & LDRs,investigating-resistance-in-thermistors-and-ldrs,aqa-gcse-physics:investigating-resistance-in-thermistors-and-ldrs,Electricity > Investigating Resistance in Thermistors & LDRs,10,0,5,0,10,0,2,0,NOT_STARTED,,,
Physics,aqa-gcse-physics,Electricity,Required Practical: Investigating I–V Characteristics,required-practical-investigating-i-v-characteristics,aqa-gcse-physics:required-practical-investigating-i-v-characteristics,Electricity > Required Practical: Investigating I–V Characteristics,10,0,5,0,10,0,2,0,NOT_STARTED,,,
Physics,aqa-gcse-physics,Electricity,Series & Parallel Circuits,series-and-parallel-circuits,aqa-gcse-physics:series-and-parallel-circuits,Electricity > Series & Parallel Circuits,10,0,5,0,10,0,2,0,NOT_STARTED,,,
Physics,aqa-gcse-physics,Electricity,Resistors in Series & Parallel,resistors-in-series-and-parallel,aqa-gcse-physics:resistors-in-series-and-parallel,Electricity > Resistors in Series & Parallel,10,0,5,0,10,0,2,0,NOT_STARTED,,,
Physics,aqa-gcse-physics,Electricity,Comparing Series & Parallel Circuits,comparing-series-and-parallel-circuits,aqa-gcse-physics:comparing-series-and-parallel-circuits,Electricity > Comparing Series & Parallel Circuits,10,0,5,0,10,0,2,0,NOT_STARTED,,,
Physics,aqa-gcse-physics,Electricity,AC & DC,ac-and-dc,aqa-gcse-physics:ac-and-dc,Electricity > AC & DC,10,0,5,0,10,0,2,0,NOT_STARTED,,,
Physics,aqa-gcse-physics,Electricity,Mains Electricity,mains-electricity,aqa-gcse-physics:mains-electricity,Electricity > Mains Electricity,10,0,5,0,10,0,2,0,NOT_STARTED,,,
Physics,aqa-gcse-physics,Electricity,Dangers of Mains Electricity,dangers-of-mains-electricity,aqa-gcse-physics:dangers-of-mains-electricity,Electricity > Dangers of Mains Electricity,10,0,5,0,10,0,2,0,NOT_STARTED,,,
Physics,aqa-gcse-physics,Electricity,Electrical Power,electrical-power,aqa-gcse-physics:electrical-power,Electricity > Electrical Power,10,0,5,0,10,0,2,0,NOT_STARTED,,,
Physics,aqa-gcse-physics,Electricity,Electrical Energy,electrical-energy,aqa-gcse-physics:electrical-energy,Electricity > Electrical Energy,10,0,5,0,10,0,2,0,NOT_STARTED,,,
Physics,aqa-gcse-physics,Electricity,Calculating Energy Transfers,calculating-energy-transfers,aqa-gcse-physics:calculating-energy-transfers,Electricity > Calculating Energy Transfers,10,0,5,0,10,0,2,0,NOT_STARTED,,,
Physics,aqa-gcse-physics,Electricity,Power Ratings,power-ratings,aqa-gcse-physics:power-ratings,Electricity > Power Ratings,10,0,5,0,10,0,2,0,NOT_STARTED,,,
Physics,aqa-gcse-physics,Electricity,The National Grid,the-national-grid,aqa-gcse-physics:the-national-grid,Electricity > The National Grid,10,0,5,0,10,0,2,0,NOT_STARTED,,,
Physics,aqa-gcse-physics,Electricity,Use of Transformers,use-of-transformers,aqa-gcse-physics:use-of-transformers,Electricity > Use of Transformers,10,0,5,0,10,0,2,0,NOT_STARTED,,,
Physics,aqa-gcse-physics,Electricity,Electric Charge,electric-charge,aqa-gcse-physics:electric-charge,Electricity > Electric Charge,10,0,5,0,10,0,2,0,NOT_STARTED,,,
Physics,aqa-gcse-physics,Electricity,Static Electricity,static-electricity,aqa-gcse-physics:static-electricity,Electricity > Static Electricity,10,0,5,0,10,0,2,0,NOT_STARTED,,,
Physics,aqa-gcse-physics,Electricity,Electric Fields,electric-fields,aqa-gcse-physics:electric-fields,Electricity > Electric Fields,10,0,5,0,10,0,2,0,NOT_STARTED,,,
Physics,aqa-gcse-physics,Electricity,Fields & Static,fields-and-static,aqa-gcse-physics:fields-and-static,Electricity > Fields & Static,10,0,5,0,10,0,2,0,NOT_STARTED,,,
Physics,aqa-gcse-physics,Particle Model of Matter,Density,density,aqa-gcse-physics:density,Particle Model of Matter > Density,10,0,5,0,10,0,2,0,NOT_STARTED,,,
Physics,aqa-gcse-physics,Particle Model of Matter,"Solids, Liquids & Gases",,solids-liquids-and-gases,aqa-gcse-physics:solids-liquids-and-gases,10,0,5,0,10,0,2,0,NOT_STARTED,,,
Physics,aqa-gcse-physics,Particle Model of Matter,Required Practical: Determining Density,required-practical-determining-density,aqa-gcse-physics:required-practical-determining-density,Particle Model of Matter > Required Practical: Determining Density,10,0,5,0,10,0,2,0,NOT_STARTED,,,
Physics,aqa-gcse-physics,Particle Model of Matter,Changes of State,changes-of-state,aqa-gcse-physics:changes-of-state,Particle Model of Matter > Changes of State,10,0,5,0,10,0,2,0,NOT_STARTED,,,
Physics,aqa-gcse-physics,Particle Model of Matter,Internal Energy,internal-energy,aqa-gcse-physics:internal-energy,Particle Model of Matter > Internal Energy,10,0,5,0,10,0,2,0,NOT_STARTED,,,
Physics,aqa-gcse-physics,Particle Model of Matter,Specific Heat Capacity,specific-heat-capacity,aqa-gcse-physics:specific-heat-capacity,Particle Model of Matter > Specific Heat Capacity,10,0,5,0,10,0,2,0,NOT_STARTED,,,
Physics,aqa-gcse-physics,Particle Model of Matter,Latent Heat,latent-heat,aqa-gcse-physics:latent-heat,Particle Model of Matter > Latent Heat,10,0,5,0,10,0,2,0,NOT_STARTED,,,
Physics,aqa-gcse-physics,Particle Model of Matter,Specific Latent Heat,specific-latent-heat,aqa-gcse-physics:specific-latent-heat,Particle Model of Matter > Specific Latent Heat,10,0,5,0,10,0,2,0,NOT_STARTED,,,
Physics,aqa-gcse-physics,Particle Model of Matter,Heating & Cooling Graphs,heating-and-cooling-graphs,aqa-gcse-physics:heating-and-cooling-graphs,Particle Model of Matter > Heating & Cooling Graphs,10,0,5,0,10,0,2,0,NOT_STARTED,,,
Physics,aqa-gcse-physics,Particle Model of Matter,Specific Heat Capacity v Specific Latent Heat,specific-heat-capacity-v-specific-latent-heat,aqa-gcse-physics:specific-heat-capacity-v-specific-latent-heat,Particle Model of Matter > Specific Heat Capacity v Specific Latent Heat,10,0,5,0,10,0,2,0,NOT_STARTED,,,
Physics,aqa-gcse-physics,Particle Model of Matter,Kinetic Theory,kinetic-theory,aqa-gcse-physics:kinetic-theory,Particle Model of Matter > Kinetic Theory,10,0,5,0,10,0,2,0,NOT_STARTED,,,
Physics,aqa-gcse-physics,Particle Model of Matter,Pressure & Volume,pressure-and-volume,aqa-gcse-physics:pressure-and-volume,Particle Model of Matter > Pressure & Volume,10,0,5,0,10,0,2,0,NOT_STARTED,,,
Physics,aqa-gcse-physics,Particle Model of Matter,Work on a Gas,work-on-a-gas,aqa-gcse-physics:work-on-a-gas,Particle Model of Matter > Work on a Gas,10,0,5,0,10,0,2,0,NOT_STARTED,,,
Physics,aqa-gcse-physics,Atomic Structure,Atomic Structure,atomic-structure,aqa-gcse-physics:atomic-structure,Atomic Structure > Atomic Structure,10,0,5,0,10,0,2,0,NOT_STARTED,,,
Physics,aqa-gcse-physics,Atomic Structure,The Absorption & Emission of EM Radiation,the-absorption-and-emission-of-em-radiation,aqa-gcse-physics:the-absorption-and-emission-of-em-radiation,Atomic Structure > The Absorption & Emission of EM Radiation,10,0,5,0,10,0,2,0,NOT_STARTED,,,
Physics,aqa-gcse-physics,Atomic Structure,Atomic & Mass Number,atomic-and-mass-number,aqa-gcse-physics:atomic-and-mass-number,Atomic Structure > Atomic & Mass Number,10,0,5,0,10,0,2,0,NOT_STARTED,,,
Physics,aqa-gcse-physics,Atomic Structure,Isotopes,isotopes,aqa-gcse-physics:isotopes,Atomic Structure > Isotopes,10,0,5,0,10,0,2,0,NOT_STARTED,,,
Physics,aqa-gcse-physics,Atomic Structure,Positive Ions,positive-ions,aqa-gcse-physics:positive-ions,Atomic Structure > Positive Ions,10,0,5,0,10,0,2,0,NOT_STARTED,,,
Physics,aqa-gcse-physics,Atomic Structure,The Plum Pudding Model,the-plum-pudding-model,aqa-gcse-physics:the-plum-pudding-model,Atomic Structure > The Plum Pudding Model,10,0,5,0,10,0,2,0,NOT_STARTED,,,
Physics,aqa-gcse-physics,Atomic Structure,Rutherford Scattering,rutherford-scattering,aqa-gcse-physics:rutherford-scattering,Atomic Structure > Rutherford Scattering,10,0,5,0,10,0,2,0,NOT_STARTED,,,
Physics,aqa-gcse-physics,Atomic Structure,Bohr's Model of the Atom,bohrs-model-of-the-atom,aqa-gcse-physics:bohrs-model-of-the-atom,Atomic Structure > Bohr's Model of the Atom,10,0,5,0,10,0,2,0,NOT_STARTED,,,
Physics,aqa-gcse-physics,Atomic Structure,Discovery of the Proton & Neutron,discovery-of-the-proton-and-neutron,aqa-gcse-physics:discovery-of-the-proton-and-neutron,Atomic Structure > Discovery of the Proton & Neutron,10,0,5,0,10,0,2,0,NOT_STARTED,,,
Physics,aqa-gcse-physics,Atomic Structure,Changes in the Atomic Model,changes-in-the-atomic-model,aqa-gcse-physics:changes-in-the-atomic-model,Atomic Structure > Changes in the Atomic Model,10,0,5,0,10,0,2,0,NOT_STARTED,,,
Physics,aqa-gcse-physics,Atomic Structure,Radioactive Decay,radioactive-decay,aqa-gcse-physics:radioactive-decay,Atomic Structure > Radioactive Decay,10,0,5,0,10,0,2,0,NOT_STARTED,,,
Physics,aqa-gcse-physics,Atomic Structure,Types of Radiation,types-of-radiation,aqa-gcse-physics:types-of-radiation,Atomic Structure > Types of Radiation,10,0,5,0,10,0,2,0,NOT_STARTED,,,
Physics,aqa-gcse-physics,Atomic Structure,Uses of Radiation,uses-of-radiation,aqa-gcse-physics:uses-of-radiation,Atomic Structure > Uses of Radiation,10,0,5,0,10,0,2,0,NOT_STARTED,,,
Physics,aqa-gcse-physics,Atomic Structure,Alpha Decay,alpha-decay,aqa-gcse-physics:alpha-decay,Atomic Structure > Alpha Decay,10,0,5,0,10,0,2,0,NOT_STARTED,,,
Physics,aqa-gcse-physics,Atomic Structure,Beta Decay,beta-decay,aqa-gcse-physics:beta-decay,Atomic Structure > Beta Decay,10,0,5,0,10,0,2,0,NOT_STARTED,,,
Physics,aqa-gcse-physics,Atomic Structure,Gamma Decay,gamma-decay,aqa-gcse-physics:gamma-decay,Atomic Structure > Gamma Decay,10,0,5,0,10,0,2,0,NOT_STARTED,,,
Physics,aqa-gcse-physics,Atomic Structure,Random Nature of Radioactive Decay,random-nature-of-radioactive-decay,aqa-gcse-physics:random-nature-of-radioactive-decay,Atomic Structure > Random Nature of Radioactive Decay,10,0,5,0,10,0,2,0,NOT_STARTED,,,
Physics,aqa-gcse-physics,Atomic Structure,Half-Life,half-life,aqa-gcse-physics:half-life,Atomic Structure > Half-Life,10,0,5,0,10,0,2,0,NOT_STARTED,,,
Physics,aqa-gcse-physics,Atomic Structure,Calculating Radioactive Decay,calculating-radioactive-decay,aqa-gcse-physics:calculating-radioactive-decay,Atomic Structure > Calculating Radioactive Decay,10,0,5,0,10,0,2,0,NOT_STARTED,,,
Physics,aqa-gcse-physics,Atomic Structure,Contamination & Irradiation,contamination-and-irradiation,aqa-gcse-physics:contamination-and-irradiation,Atomic Structure > Contamination & Irradiation,10,0,5,0,10,0,2,0,NOT_STARTED,,,
Physics,aqa-gcse-physics,Atomic Structure,Hazards of Contamination & Irradiation,hazards-of-contamination-and-irradiation,aqa-gcse-physics:hazards-of-contamination-and-irradiation,Atomic Structure > Hazards of Contamination & Irradiation,10,0,5,0,10,0,2,0,NOT_STARTED,,,
Physics,aqa-gcse-physics,Atomic Structure,Studies into the Effects of Radiation,studies-into-the-effects-of-radiation,aqa-gcse-physics:studies-into-the-effects-of-radiation,Atomic Structure > Studies into the Effects of Radiation,10,0,5,0,10,0,2,0,NOT_STARTED,,,
Physics,aqa-gcse-physics,Atomic Structure,Background Radiation,background-radiation,aqa-gcse-physics:background-radiation,Atomic Structure > Background Radiation,10,0,5,0,10,0,2,0,NOT_STARTED,,,
Physics,aqa-gcse-physics,Atomic Structure,Half-Life & Risk,half-life-and-risk,aqa-gcse-physics:half-life-and-risk,Atomic Structure > Half-Life & Risk,10,0,5,0,10,0,2,0,NOT_STARTED,,,
Physics,aqa-gcse-physics,Atomic Structure,Medical Uses of Radiation,medical-uses-of-radiation,aqa-gcse-physics:medical-uses-of-radiation,Atomic Structure > Medical Uses of Radiation,10,0,5,0,10,0,2,0,NOT_STARTED,,,
Physics,aqa-gcse-physics,Atomic Structure,Nuclear Fission,nuclear-fission,aqa-gcse-physics:nuclear-fission,Atomic Structure > Nuclear Fission,10,0,5,0,10,0,2,0,NOT_STARTED,,,
Physics,aqa-gcse-physics,Atomic Structure,Chain Reactions,chain-reactions,aqa-gcse-physics:chain-reactions,Atomic Structure > Chain Reactions,10,0,5,0,10,0,2,0,NOT_STARTED,,,
Physics,aqa-gcse-physics,Atomic Structure,Nuclear Fission Diagrams,nuclear-fission-diagrams,aqa-gcse-physics:nuclear-fission-diagrams,Atomic Structure > Nuclear Fission Diagrams,10,0,5,0,10,0,2,0,NOT_STARTED,,,
Physics,aqa-gcse-physics,Atomic Structure,Nuclear Fusion,nuclear-fusion,aqa-gcse-physics:nuclear-fusion,Atomic Structure > Nuclear Fusion,10,0,5,0,10,0,2,0,NOT_STARTED,,,
Physics,aqa-gcse-physics,Forces,Scalars & Vectors,scalars-and-vectors,aqa-gcse-physics:scalars-and-vectors,Forces > Scalars & Vectors,10,0,5,0,10,0,2,0,NOT_STARTED,,,
Physics,aqa-gcse-physics,Forces,Contact & Non-Contact Forces,contact-and-non-contact-forces,aqa-gcse-physics:contact-and-non-contact-forces,Forces > Contact & Non-Contact Forces,10,0,5,0,10,0,2,0,NOT_STARTED,,,
Physics,aqa-gcse-physics,Forces,Forces as Vectors,forces-as-vectors,aqa-gcse-physics:forces-as-vectors,Forces > Forces as Vectors,10,0,5,0,10,0,2,0,NOT_STARTED,,,
Physics,aqa-gcse-physics,Forces,"Weight, Mass & Gravity",,weight-mass-and-gravity,aqa-gcse-physics:weight-mass-and-gravity,10,0,5,0,10,0,2,0,NOT_STARTED,,,
Physics,aqa-gcse-physics,Forces,Calculating Weight,calculating-weight,aqa-gcse-physics:calculating-weight,Forces > Calculating Weight,10,0,5,0,10,0,2,0,NOT_STARTED,,,
Physics,aqa-gcse-physics,Forces,Resultant Forces,resultant-forces,aqa-gcse-physics:resultant-forces,Forces > Resultant Forces,10,0,5,0,10,0,2,0,NOT_STARTED,,,
Physics,aqa-gcse-physics,Forces,Free Body Diagrams,free-body-diagrams,aqa-gcse-physics:free-body-diagrams,Forces > Free Body Diagrams,10,0,5,0,10,0,2,0,NOT_STARTED,,,
Physics,aqa-gcse-physics,Forces,Balanced & Unbalanced Forces,balanced-and-unbalanced-forces,aqa-gcse-physics:balanced-and-unbalanced-forces,Forces > Balanced & Unbalanced Forces,10,0,5,0,10,0,2,0,NOT_STARTED,,,
Physics,aqa-gcse-physics,Forces,Work Done,work-done,aqa-gcse-physics:work-done,Forces > Work Done,10,0,5,0,10,0,2,0,NOT_STARTED,,,
Physics,aqa-gcse-physics,Forces,Work Done & Energy Transfer,work-done-and-energy-transfer,aqa-gcse-physics:work-done-and-energy-transfer,Forces > Work Done & Energy Transfer,10,0,5,0,10,0,2,0,NOT_STARTED,,,
Physics,aqa-gcse-physics,Forces,Work Done & Friction,work-done-and-friction,aqa-gcse-physics:work-done-and-friction,Forces > Work Done & Friction,10,0,5,0,10,0,2,0,NOT_STARTED,,,
Physics,aqa-gcse-physics,Forces,Changing Shape,changing-shape,aqa-gcse-physics:changing-shape,Forces > Changing Shape,10,0,5,0,10,0,2,0,NOT_STARTED,,,
Physics,aqa-gcse-physics,Forces,Hooke's Law,hookes-law,aqa-gcse-physics:hookes-law,Forces > Hooke's Law,10,0,5,0,10,0,2,0,NOT_STARTED,,,
Physics,aqa-gcse-physics,Forces,Force–Extension Graphs,force-extension-graphs,aqa-gcse-physics:force-extension-graphs,Forces > Force–Extension Graphs,10,0,5,0,10,0,2,0,NOT_STARTED,,,
Physics,aqa-gcse-physics,Forces,Work Done on a Spring,work-done-on-a-spring,aqa-gcse-physics:work-done-on-a-spring,Forces > Work Done on a Spring,10,0,5,0,10,0,2,0,NOT_STARTED,,,
Physics,aqa-gcse-physics,Forces,Required Practical: Investigating Force & Extension,required-practical-investigating-force-and-extension,aqa-gcse-physics:required-practical-investigating-force-and-extension,Forces > Required Practical: Investigating Force & Extension,10,0,5,0,10,0,2,0,NOT_STARTED,,,
Physics,aqa-gcse-physics,Forces,Moments in Physics,moments-in-physics,aqa-gcse-physics:moments-in-physics,Forces > Moments in Physics,10,0,5,0,10,0,2,0,NOT_STARTED,,,
Physics,aqa-gcse-physics,Forces,The Principle of Moments,the-principle-of-moments,aqa-gcse-physics:the-principle-of-moments,Forces > The Principle of Moments,10,0,5,0,10,0,2,0,NOT_STARTED,,,
Physics,aqa-gcse-physics,Forces,Levers & Gears,levers-and-gears,aqa-gcse-physics:levers-and-gears,Forces > Levers & Gears,10,0,5,0,10,0,2,0,NOT_STARTED,,,
Physics,aqa-gcse-physics,Forces,Pressure,pressure,aqa-gcse-physics:pressure,Forces > Pressure,10,0,5,0,10,0,2,0,NOT_STARTED,,,
Physics,aqa-gcse-physics,Forces,Atmospheric Pressure,atmospheric-pressure,aqa-gcse-physics:atmospheric-pressure,Forces > Atmospheric Pressure,10,0,5,0,10,0,2,0,NOT_STARTED,,,
Physics,aqa-gcse-physics,Forces,Pressure in a Liquid,pressure-in-a-liquid,aqa-gcse-physics:pressure-in-a-liquid,Forces > Pressure in a Liquid,10,0,5,0,10,0,2,0,NOT_STARTED,,,
Physics,aqa-gcse-physics,Forces,Upthrust,upthrust,aqa-gcse-physics:upthrust,Forces > Upthrust,10,0,5,0,10,0,2,0,NOT_STARTED,,,
Physics,aqa-gcse-physics,Forces,Distance & Displacement,distance-and-displacement,aqa-gcse-physics:distance-and-displacement,Forces > Distance & Displacement,10,0,5,0,10,0,2,0,NOT_STARTED,,,
Physics,aqa-gcse-physics,Forces,Speed,speed,aqa-gcse-physics:speed,Forces > Speed,10,0,5,0,10,0,2,0,NOT_STARTED,,,
Physics,aqa-gcse-physics,Forces,Measuring Speed,measuring-speed,aqa-gcse-physics:measuring-speed,Forces > Measuring Speed,10,0,5,0,10,0,2,0,NOT_STARTED,,,
Physics,aqa-gcse-physics,Forces,Calculating Speed,calculating-speed,aqa-gcse-physics:calculating-speed,Forces > Calculating Speed,10,0,5,0,10,0,2,0,NOT_STARTED,,,
Physics,aqa-gcse-physics,Forces,Velocity,velocity,aqa-gcse-physics:velocity,Forces > Velocity,10,0,5,0,10,0,2,0,NOT_STARTED,,,
Physics,aqa-gcse-physics,Forces,Vector & Scalar Quantities,vector-and-scalar-quantities,aqa-gcse-physics:vector-and-scalar-quantities,Forces > Vector & Scalar Quantities,10,0,5,0,10,0,2,0,NOT_STARTED,,,
Physics,aqa-gcse-physics,Forces,Circular Motion,circular-motion,aqa-gcse-physics:circular-motion,Forces > Circular Motion,10,0,5,0,10,0,2,0,NOT_STARTED,,,
Physics,aqa-gcse-physics,Forces,Distance-Time Graphs,distance-time-graphs,aqa-gcse-physics:distance-time-graphs,Forces > Distance-Time Graphs,10,0,5,0,10,0,2,0,NOT_STARTED,,,
Physics,aqa-gcse-physics,Forces,Instantaneous Speed,instantaneous-speed,aqa-gcse-physics:instantaneous-speed,Forces > Instantaneous Speed,10,0,5,0,10,0,2,0,NOT_STARTED,,,
Physics,aqa-gcse-physics,Forces,Acceleration,acceleration,aqa-gcse-physics:acceleration,Forces > Acceleration,10,0,5,0,10,0,2,0,NOT_STARTED,,,
Physics,aqa-gcse-physics,Forces,Velocity-Time Graphs,velocity-time-graphs,aqa-gcse-physics:velocity-time-graphs,Forces > Velocity-Time Graphs,10,0,5,0,10,0,2,0,NOT_STARTED,,,
Physics,aqa-gcse-physics,Forces,Area Under Velocity-Time Graphs,area-under-velocity-time-graphs,aqa-gcse-physics:area-under-velocity-time-graphs,Forces > Area Under Velocity-Time Graphs,10,0,5,0,10,0,2,0,NOT_STARTED,,,
Physics,aqa-gcse-physics,Forces,Calculating Uniform Acceleration,calculating-uniform-acceleration,aqa-gcse-physics:calculating-uniform-acceleration,Forces > Calculating Uniform Acceleration,10,0,5,0,10,0,2,0,NOT_STARTED,,,
Physics,aqa-gcse-physics,Forces,Terminal Velocity,terminal-velocity,aqa-gcse-physics:terminal-velocity,Forces > Terminal Velocity,10,0,5,0,10,0,2,0,NOT_STARTED,,,
Physics,aqa-gcse-physics,Forces,Representing Terminal Velocity,representing-terminal-velocity,aqa-gcse-physics:representing-terminal-velocity,Forces > Representing Terminal Velocity,10,0,5,0,10,0,2,0,NOT_STARTED,,,
Physics,aqa-gcse-physics,Forces,Newton's First Law,newtons-first-law,aqa-gcse-physics:newtons-first-law,Forces > Newton's First Law,10,0,5,0,10,0,2,0,NOT_STARTED,,,
Physics,aqa-gcse-physics,Forces,Newton's Second Law,newtons-second-law,aqa-gcse-physics:newtons-second-law,Forces > Newton's Second Law,10,0,5,0,10,0,2,0,NOT_STARTED,,,
Physics,aqa-gcse-physics,Forces,Required Practical: Investigating Force & Acceleration,required-practical-investigating-force-and-acceleration,aqa-gcse-physics:required-practical-investigating-force-and-acceleration,Forces > Required Practical: Investigating Force & Acceleration,10,0,5,0,10,0,2,0,NOT_STARTED,,,
Physics,aqa-gcse-physics,Forces,Newton's Third Law,newtons-third-law,aqa-gcse-physics:newtons-third-law,Forces > Newton's Third Law,10,0,5,0,10,0,2,0,NOT_STARTED,,,
Physics,aqa-gcse-physics,Forces,Inertia,inertia,aqa-gcse-physics:inertia,Forces > Inertia,10,0,5,0,10,0,2,0,NOT_STARTED,,,
Physics,aqa-gcse-physics,Forces,Thinking & Braking Distances,thinking-and-braking-distances,aqa-gcse-physics:thinking-and-braking-distances,Forces > Thinking & Braking Distances,10,0,5,0,10,0,2,0,NOT_STARTED,,,
Physics,aqa-gcse-physics,Forces,Stopping Distance,stopping-distance,aqa-gcse-physics:stopping-distance,Forces > Stopping Distance,10,0,5,0,10,0,2,0,NOT_STARTED,,,
Physics,aqa-gcse-physics,Forces,Reaction Time,reaction-time,aqa-gcse-physics:reaction-time,Forces > Reaction Time,10,0,5,0,10,0,2,0,NOT_STARTED,,,
Physics,aqa-gcse-physics,Forces,Factors Affecting Thinking Distance & Reaction Time,factors-affecting-thinking-distance-and-reaction-time,aqa-gcse-physics:factors-affecting-thinking-distance-and-reaction-time,Forces > Factors Affecting Thinking Distance & Reaction Time,10,0,5,0,10,0,2,0,NOT_STARTED,,,
Physics,aqa-gcse-physics,Forces,Factors Affecting Braking Distance,factors-affecting-braking-distance,aqa-gcse-physics:factors-affecting-braking-distance,Forces > Factors Affecting Braking Distance,10,0,5,0,10,0,2,0,NOT_STARTED,,,
Physics,aqa-gcse-physics,Forces,Estimating Decelerating Forces,estimating-decelerating-forces,aqa-gcse-physics:estimating-decelerating-forces,Forces > Estimating Decelerating Forces,10,0,5,0,10,0,2,0,NOT_STARTED,,,
Physics,aqa-gcse-physics,Forces,Momentum,momentum,aqa-gcse-physics:momentum,Forces > Momentum,10,0,5,0,10,0,2,0,NOT_STARTED,,,
Physics,aqa-gcse-physics,Forces,Conservation of Momentum,conservation-of-momentum,aqa-gcse-physics:conservation-of-momentum,Forces > Conservation of Momentum,10,0,5,0,10,0,2,0,NOT_STARTED,,,
Physics,aqa-gcse-physics,Forces,Collisions,collisions,aqa-gcse-physics:collisions,Forces > Collisions,10,0,5,0,10,0,2,0,NOT_STARTED,,,
Physics,aqa-gcse-physics,Forces,Force & Momentum,force-and-momentum,aqa-gcse-physics:force-and-momentum,Forces > Force & Momentum,10,0,5,0,10,0,2,0,NOT_STARTED,,,
Physics,aqa-gcse-physics,Forces,Momentum & Safety,momentum-and-safety,aqa-gcse-physics:momentum-and-safety,Forces > Momentum & Safety,10,0,5,0,10,0,2,0,NOT_STARTED,,,
Physics,aqa-gcse-physics,Waves,Transverse & Longitudinal Waves,transverse-and-longitudinal-waves,aqa-gcse-physics:transverse-and-longitudinal-waves,Waves > Transverse & Longitudinal Waves,10,0,5,0,10,0,2,0,NOT_STARTED,,,
Physics,aqa-gcse-physics,Waves,Describing Wave Motion,describing-wave-motion,aqa-gcse-physics:describing-wave-motion,Waves > Describing Wave Motion,10,0,5,0,10,0,2,0,NOT_STARTED,,,
Physics,aqa-gcse-physics,Waves,The Wave Equation,the-wave-equation,aqa-gcse-physics:the-wave-equation,Waves > The Wave Equation,10,0,5,0,10,0,2,0,NOT_STARTED,,,
Physics,aqa-gcse-physics,Waves,Measuring the Speed of Waves,measuring-the-speed-of-waves,aqa-gcse-physics:measuring-the-speed-of-waves,Waves > Measuring the Speed of Waves,10,0,5,0,10,0,2,0,NOT_STARTED,,,
Physics,aqa-gcse-physics,Waves,Transmission of Sound Waves,transmission-of-sound-waves,aqa-gcse-physics:transmission-of-sound-waves,Waves > Transmission of Sound Waves,10,0,5,0,10,0,2,0,NOT_STARTED,,,
Physics,aqa-gcse-physics,Waves,Required Practical: Measuring Wave Properties,required-practical-measuring-wave-properties,aqa-gcse-physics:required-practical-measuring-wave-properties,Waves > Required Practical: Measuring Wave Properties,10,0,5,0,10,0,2,0,NOT_STARTED,,,
Physics,aqa-gcse-physics,Waves,"Reflection, Absorption & Transmission",,reflection-absorption-and-transmission,aqa-gcse-physics:reflection-absorption-and-transmission,10,0,5,0,10,0,2,0,NOT_STARTED,,,
Physics,aqa-gcse-physics,Waves,Required Practical: Investigating Reflection & Refraction,required-practical-investigating-reflection-and-refraction,aqa-gcse-physics:required-practical-investigating-reflection-and-refraction,Waves > Required Practical: Investigating Reflection & Refraction,10,0,5,0,10,0,2,0,NOT_STARTED,,,
Physics,aqa-gcse-physics,Waves,Sound Waves,sound-waves,aqa-gcse-physics:sound-waves,Waves > Sound Waves,10,0,5,0,10,0,2,0,NOT_STARTED,,,
Physics,aqa-gcse-physics,Waves,Exploring Structure Using Waves,exploring-structure-using-waves,aqa-gcse-physics:exploring-structure-using-waves,Waves > Exploring Structure Using Waves,10,0,5,0,10,0,2,0,NOT_STARTED,,,
Physics,aqa-gcse-physics,Waves,Ultrasound,ultrasound,aqa-gcse-physics:ultrasound,Waves > Ultrasound,10,0,5,0,10,0,2,0,NOT_STARTED,,,
Physics,aqa-gcse-physics,Waves,Echo Sounding,echo-sounding,aqa-gcse-physics:echo-sounding,Waves > Echo Sounding,10,0,5,0,10,0,2,0,NOT_STARTED,,,
Physics,aqa-gcse-physics,Waves,Ultrasound in Medical & Industrial Imaging,ultrasound-in-medical-and-industrial-imaging,aqa-gcse-physics:ultrasound-in-medical-and-industrial-imaging,Waves > Ultrasound in Medical & Industrial Imaging,10,0,5,0,10,0,2,0,NOT_STARTED,,,
Physics,aqa-gcse-physics,Waves,Seismic Waves,seismic-waves,aqa-gcse-physics:seismic-waves,Waves > Seismic Waves,10,0,5,0,10,0,2,0,NOT_STARTED,,,
Physics,aqa-gcse-physics,Waves,Electromagnetic (EM) Waves,electromagnetic-em-waves,aqa-gcse-physics:electromagnetic-em-waves,Waves > Electromagnetic (EM) Waves,10,0,5,0,10,0,2,0,NOT_STARTED,,,
Physics,aqa-gcse-physics,Waves,Transfer of Energy by EM Waves,transfer-of-energy-by-em-waves,aqa-gcse-physics:transfer-of-energy-by-em-waves,Waves > Transfer of Energy by EM Waves,10,0,5,0,10,0,2,0,NOT_STARTED,,,
Physics,aqa-gcse-physics,Waves,EM Waves & Matter,em-waves-and-matter,aqa-gcse-physics:em-waves-and-matter,Waves > EM Waves & Matter,10,0,5,0,10,0,2,0,NOT_STARTED,,,
Physics,aqa-gcse-physics,Waves,Refraction Ray Diagrams,refraction-ray-diagrams,aqa-gcse-physics:refraction-ray-diagrams,Waves > Refraction Ray Diagrams,10,0,5,0,10,0,2,0,NOT_STARTED,,,
Physics,aqa-gcse-physics,Waves,Required Practical: Investigating Infrared Radiation,required-practical-investigating-infrared-radiation,aqa-gcse-physics:required-practical-investigating-infrared-radiation,Waves > Required Practical: Investigating Infrared Radiation,10,0,5,0,10,0,2,0,NOT_STARTED,,,
Physics,aqa-gcse-physics,Waves,EM Waves & Atoms,em-waves-and-atoms,aqa-gcse-physics:em-waves-and-atoms,Waves > EM Waves & Atoms,10,0,5,0,10,0,2,0,NOT_STARTED,,,
Physics,aqa-gcse-physics,Waves,Radio Waves,radio-waves,aqa-gcse-physics:radio-waves,Waves > Radio Waves,10,0,5,0,10,0,2,0,NOT_STARTED,,,
Physics,aqa-gcse-physics,Waves,Dangers of High-Energy EM Waves,dangers-of-high-energy-em-waves,aqa-gcse-physics:dangers-of-high-energy-em-waves,Waves > Dangers of High-Energy EM Waves,10,0,5,0,10,0,2,0,NOT_STARTED,,,
Physics,aqa-gcse-physics,Waves,Applications of EM Waves,applications-of-em-waves,aqa-gcse-physics:applications-of-em-waves,Waves > Applications of EM Waves,10,0,5,0,10,0,2,0,NOT_STARTED,,,
Physics,aqa-gcse-physics,Waves,Convex & Concave Lenses,convex-and-concave-lenses,aqa-gcse-physics:convex-and-concave-lenses,Waves > Convex & Concave Lenses,10,0,5,0,10,0,2,0,NOT_STARTED,,,
Physics,aqa-gcse-physics,Waves,Convex & Concave Ray Diagrams,convex-and-concave-ray-diagrams,aqa-gcse-physics:convex-and-concave-ray-diagrams,Waves > Convex & Concave Ray Diagrams,10,0,5,0,10,0,2,0,NOT_STARTED,,,
Physics,aqa-gcse-physics,Waves,Magnification,magnification,aqa-gcse-physics:magnification,Waves > Magnification,10,0,5,0,10,0,2,0,NOT_STARTED,,,
Physics,aqa-gcse-physics,Waves,Visible Light Spectrum,visible-light-spectrum,aqa-gcse-physics:visible-light-spectrum,Waves > Visible Light Spectrum,10,0,5,0,10,0,2,0,NOT_STARTED,,,
Physics,aqa-gcse-physics,Waves,Reflection from Surfaces,reflection-from-surfaces,aqa-gcse-physics:reflection-from-surfaces,Waves > Reflection from Surfaces,10,0,5,0,10,0,2,0,NOT_STARTED,,,
Physics,aqa-gcse-physics,Waves,Colour & Reflection of Light,colour-and-reflection-of-light,aqa-gcse-physics:colour-and-reflection-of-light,Waves > Colour & Reflection of Light,10,0,5,0,10,0,2,0,NOT_STARTED,,,
Physics,aqa-gcse-physics,Waves,Black Body Radiation,black-body-radiation,aqa-gcse-physics:black-body-radiation,Waves > Black Body Radiation,10,0,5,0,10,0,2,0,NOT_STARTED,,,
Physics,aqa-gcse-physics,Waves,Temperature Balances,temperature-balances,aqa-gcse-physics:temperature-balances,Waves > Temperature Balances,10,0,5,0,10,0,2,0,NOT_STARTED,,,
Physics,aqa-gcse-physics,Magnetism & Electromagnetism,Magnetism,magnetism,aqa-gcse-physics:magnetism,Magnetism & Electromagnetism > Magnetism,10,0,5,0,10,0,2,0,NOT_STARTED,,,
Physics,aqa-gcse-physics,Magnetism & Electromagnetism,Permanent & Induced Magnets,permanent-and-induced-magnets,aqa-gcse-physics:permanent-and-induced-magnets,Magnetism & Electromagnetism > Permanent & Induced Magnets,10,0,5,0,10,0,2,0,NOT_STARTED,,,
Physics,aqa-gcse-physics,Magnetism & Electromagnetism,Magnetic Fields,magnetic-fields,aqa-gcse-physics:magnetic-fields,Magnetism & Electromagnetism > Magnetic Fields,10,0,5,0,10,0,2,0,NOT_STARTED,,,
Physics,aqa-gcse-physics,Magnetism & Electromagnetism,The Earth's Magnetic Field,the-earths-magnetic-field,aqa-gcse-physics:the-earths-magnetic-field,Magnetism & Electromagnetism > The Earth's Magnetic Field,10,0,5,0,10,0,2,0,NOT_STARTED,,,
Physics,aqa-gcse-physics,Magnetism & Electromagnetism,Magnetic Fields in Wires & Solenoids,magnetic-fields-in-wires-and-solenoids,aqa-gcse-physics:magnetic-fields-in-wires-and-solenoids,Magnetism & Electromagnetism > Magnetic Fields in Wires & Solenoids,10,0,5,0,10,0,2,0,NOT_STARTED,,,
Physics,aqa-gcse-physics,Magnetism & Electromagnetism,The Motor Effect,the-motor-effect,aqa-gcse-physics:the-motor-effect,Magnetism & Electromagnetism > The Motor Effect,10,0,5,0,10,0,2,0,NOT_STARTED,,,
Physics,aqa-gcse-physics,Magnetism & Electromagnetism,Fleming's Left-Hand Rule,flemings-left-hand-rule,aqa-gcse-physics:flemings-left-hand-rule,Magnetism & Electromagnetism > Fleming's Left-Hand Rule,10,0,5,0,10,0,2,0,NOT_STARTED,,,
Physics,aqa-gcse-physics,Magnetism & Electromagnetism,Electric Motors,electric-motors,aqa-gcse-physics:electric-motors,Magnetism & Electromagnetism > Electric Motors,10,0,5,0,10,0,2,0,NOT_STARTED,,,
Physics,aqa-gcse-physics,Magnetism & Electromagnetism,Loudspeakers & Headphones,loudspeakers-and-headphones,aqa-gcse-physics:loudspeakers-and-headphones,Magnetism & Electromagnetism > Loudspeakers & Headphones,10,0,5,0,10,0,2,0,NOT_STARTED,,,
Physics,aqa-gcse-physics,Magnetism & Electromagnetism,Electromagnetic (EM) Induction,electromagnetic-em-induction,aqa-gcse-physics:electromagnetic-em-induction,Magnetism & Electromagnetism > Electromagnetic (EM) Induction,10,0,5,0,10,0,2,0,NOT_STARTED,,,
Physics,aqa-gcse-physics,Magnetism & Electromagnetism,Applications of the Generator Effect,applications-of-the-generator-effect,aqa-gcse-physics:applications-of-the-generator-effect,Magnetism & Electromagnetism > Applications of the Generator Effect,10,0,5,0,10,0,2,0,NOT_STARTED,,,
Physics,aqa-gcse-physics,Magnetism & Electromagnetism,Graphs of Potential Difference in the Coil,graphs-of-potential-difference-in-the-coil,aqa-gcse-physics:graphs-of-potential-difference-in-the-coil,Magnetism & Electromagnetism > Graphs of Potential Difference in the Coil,10,0,5,0,10,0,2,0,NOT_STARTED,,,
Physics,aqa-gcse-physics,Magnetism & Electromagnetism,Microphones,microphones,aqa-gcse-physics:microphones,Magnetism & Electromagnetism > Microphones,10,0,5,0,10,0,2,0,NOT_STARTED,,,
Physics,aqa-gcse-physics,Magnetism & Electromagnetism,Transformers,transformers,aqa-gcse-physics:transformers,Magnetism & Electromagnetism > Transformers,10,0,5,0,10,0,2,0,NOT_STARTED,,,
Physics,aqa-gcse-physics,Magnetism & Electromagnetism,Transformer Equations,transformer-equations,aqa-gcse-physics:transformer-equations,Magnetism & Electromagnetism > Transformer Equations,10,0,5,0,10,0,2,0,NOT_STARTED,,,
Physics,aqa-gcse-physics,Magnetism & Electromagnetism,AC & High Voltage Transmission,ac-and-high-voltage-transmission,aqa-gcse-physics:ac-and-high-voltage-transmission,Magnetism & Electromagnetism > AC & High Voltage Transmission,10,0,5,0,10,0,2,0,NOT_STARTED,,,
Physics,aqa-gcse-physics,Space Physics,The Solar System,the-solar-system,aqa-gcse-physics:the-solar-system,Space Physics > The Solar System,10,0,5,0,10,0,2,0,NOT_STARTED,,,
Physics,aqa-gcse-physics,Space Physics,Star Formation,star-formation,aqa-gcse-physics:star-formation,Space Physics > Star Formation,10,0,5,0,10,0,2,0,NOT_STARTED,,,
Physics,aqa-gcse-physics,Space Physics,The Life Cycle of Solar Mass Stars,the-life-cycle-of-solar-mass-stars,aqa-gcse-physics:the-life-cycle-of-solar-mass-stars,Space Physics > The Life Cycle of Solar Mass Stars,10,0,5,0,10,0,2,0,NOT_STARTED,,,
Physics,aqa-gcse-physics,Space Physics,The Life Cycle of Larger Stars,the-life-cycle-of-larger-stars,aqa-gcse-physics:the-life-cycle-of-larger-stars,Space Physics > The Life Cycle of Larger Stars,10,0,5,0,10,0,2,0,NOT_STARTED,,,
Physics,aqa-gcse-physics,Space Physics,Fusion in Stars,fusion-in-stars,aqa-gcse-physics:fusion-in-stars,Space Physics > Fusion in Stars,10,0,5,0,10,0,2,0,NOT_STARTED,,,
Physics,aqa-gcse-physics,Space Physics,Circular Orbits,circular-orbits,aqa-gcse-physics:circular-orbits,Space Physics > Circular Orbits,10,0,5,0,10,0,2,0,NOT_STARTED,,,
Physics,aqa-gcse-physics,Space Physics,Non-Circular Orbits,non-circular-orbits,aqa-gcse-physics:non-circular-orbits,Space Physics > Non-Circular Orbits,10,0,5,0,10,0,2,0,NOT_STARTED,,,
Physics,aqa-gcse-physics,Space Physics,Galactic Red-shift,galactic-red-shift,aqa-gcse-physics:galactic-red-shift,Space Physics > Galactic Red-shift,10,0,5,0,10,0,2,0,NOT_STARTED,,,
Physics,aqa-gcse-physics,Space Physics,The Big Bang,the-big-bang,aqa-gcse-physics:the-big-bang,Space Physics > The Big Bang,10,0,5,0,10,0,2,0,NOT_STARTED,,,
Physics,aqa-gcse-physics,Space Physics,Dark Energy & Dark Matter,dark-energy-and-dark-matter,aqa-gcse-physics:dark-energy-and-dark-matter,Space Physics > Dark Energy & Dark Matter,10,0,5,0,10,0,2,0,NOT_STARTED,,,
Further Mathematics,aqa-l2-further-maths,SS1. Number,Simplifying Surds,simplifying-surds,aqa-l2-further-maths:simplifying-surds,SS1. Number > Simplifying Surds,10,0,5,0,10,0,2,0,NOT_STARTED,,,
Further Mathematics,aqa-l2-further-maths,SS1. Number,Rationalising Denominators,rationalising-denominators,aqa-l2-further-maths:rationalising-denominators,SS1. Number > Rationalising Denominators,10,0,5,0,10,0,2,0,NOT_STARTED,,,
Further Mathematics,aqa-l2-further-maths,SS1. Number,Counting Principles,counting-principles,aqa-l2-further-maths:counting-principles,SS1. Number > Counting Principles,10,0,5,0,10,0,2,0,NOT_STARTED,,,
Further Mathematics,aqa-l2-further-maths,SS1. Algebra & Functions,Expanding & Factorising,expanding-factorising,aqa-l2-further-maths:expanding-factorising,SS1. Algebra & Functions > Expanding & Factorising,10,0,5,0,10,0,2,0,NOT_STARTED,,,
Further Mathematics,aqa-l2-further-maths,SS1. Algebra & Functions,Factorising Quadratics,factorising-quadratics,aqa-l2-further-maths:factorising-quadratics,SS1. Algebra & Functions > Factorising Quadratics,10,0,5,0,10,0,2,0,NOT_STARTED,,,
Further Mathematics,aqa-l2-further-maths,SS1. Algebra & Functions,Quadratics Factorising Methods,quadratics-factorising-methods,aqa-l2-further-maths:quadratics-factorising-methods,SS1. Algebra & Functions > Quadratics Factorising Methods,10,0,5,0,10,0,2,0,NOT_STARTED,,,
Further Mathematics,aqa-l2-further-maths,SS1. Algebra & Functions,Completing the Square,completing-the-square,aqa-l2-further-maths:completing-the-square,SS1. Algebra & Functions > Completing the Square,10,0,5,0,10,0,2,0,NOT_STARTED,,,
Further Mathematics,aqa-l2-further-maths,SS1. Algebra & Functions,Solving Quadratic Equations,solving-quadratic-equations,aqa-l2-further-maths:solving-quadratic-equations,SS1. Algebra & Functions > Solving Quadratic Equations,10,0,5,0,10,0,2,0,NOT_STARTED,,,
Further Mathematics,aqa-l2-further-maths,SS1. Algebra & Functions,Equating Coefficients,equating-coefficients,aqa-l2-further-maths:equating-coefficients,SS1. Algebra & Functions > Equating Coefficients,10,0,5,0,10,0,2,0,NOT_STARTED,,,
Further Mathematics,aqa-l2-further-maths,SS1. Algebra & Functions,Forming & Solving Equations,forming-solving-equations,aqa-l2-further-maths:forming-solving-equations,SS1. Algebra & Functions > Forming & Solving Equations,10,0,5,0,10,0,2,0,NOT_STARTED,,,
Further Mathematics,aqa-l2-further-maths,SS1. Algebra & Functions,Binomial Expansion,binomial-expansion,aqa-l2-further-maths:binomial-expansion,SS1. Algebra & Functions > Binomial Expansion,10,0,5,0,10,0,2,0,NOT_STARTED,,,
Further Mathematics,aqa-l2-further-maths,SS1. Algebra & Functions,Problem Solving with Binomial Expansion,problem-solving-binomial-expansion,aqa-l2-further-maths:problem-solving-binomial-expansion,SS1. Algebra & Functions > Problem Solving with Binomial Expansion,10,0,5,0,10,0,2,0,NOT_STARTED,,,
Further Mathematics,aqa-l2-further-maths,SS1. Algebra & Functions,Algebraic Fractions,algebraic-fractions,aqa-l2-further-maths:algebraic-fractions,SS1. Algebra & Functions > Algebraic Fractions,10,0,5,0,10,0,2,0,NOT_STARTED,,,
Further Mathematics,aqa-l2-further-maths,SS1. Algebra & Functions,Rearranging Formulae,rearranging-formulae,aqa-l2-further-maths:rearranging-formulae,SS1. Algebra & Functions > Rearranging Formulae,10,0,5,0,10,0,2,0,NOT_STARTED,,,
Further Mathematics,aqa-l2-further-maths,SS1. Algebra & Functions,Indices,indices,aqa-l2-further-maths:indices,SS1. Algebra & Functions > Indices,10,0,5,0,10,0,2,0,NOT_STARTED,,,
Further Mathematics,aqa-l2-further-maths,SS1. Algebra & Functions,Algebraic Proof,algebraic-proof,aqa-l2-further-maths:algebraic-proof,SS1. Algebra & Functions > Algebraic Proof,10,0,5,0,10,0,2,0,NOT_STARTED,,,
Further Mathematics,aqa-l2-further-maths,SS1. Algebra & Functions,Factor Theorem,factor-theorem,aqa-l2-further-maths:factor-theorem,SS1. Algebra & Functions > Factor Theorem,10,0,5,0,10,0,2,0,NOT_STARTED,,,
Further Mathematics,aqa-l2-further-maths,SS1. Algebra & Functions,Applications of Factor Theorem,applications-of-factor-theorem,aqa-l2-further-maths:applications-of-factor-theorem,SS1. Algebra & Functions > Applications of Factor Theorem,10,0,5,0,10,0,2,0,NOT_STARTED,,,
Further Mathematics,aqa-l2-further-maths,SS1. Algebra & Functions,Quadratic & Polynomial Graphs,quadratic-polynomial-graphs,aqa-l2-further-maths:quadratic-polynomial-graphs,SS1. Algebra & Functions > Quadratic & Polynomial Graphs,10,0,5,0,10,0,2,0,NOT_STARTED,,,
Further Mathematics,aqa-l2-further-maths,SS1. Algebra & Functions,Exponential Graphs,exponential-graphs,aqa-l2-further-maths:exponential-graphs,SS1. Algebra & Functions > Exponential Graphs,10,0,5,0,10,0,2,0,NOT_STARTED,,,
Further Mathematics,aqa-l2-further-maths,SS1. Algebra & Functions,Solving Equations using Graphs,solving-equations-using-graphs,aqa-l2-further-maths:solving-equations-using-graphs,SS1. Algebra & Functions > Solving Equations using Graphs,10,0,5,0,10,0,2,0,NOT_STARTED,,,
Further Mathematics,aqa-l2-further-maths,SS1. Algebra & Functions,Linear Simultaneous Equations,linear-simultaneous-equations,aqa-l2-further-maths:linear-simultaneous-equations,SS1. Algebra & Functions > Linear Simultaneous Equations,10,0,5,0,10,0,2,0,NOT_STARTED,,,
Further Mathematics,aqa-l2-further-maths,SS1. Algebra & Functions,Quadratic Simultaneous Equations,quadratic-simultaneous-equations,aqa-l2-further-maths:quadratic-simultaneous-equations,SS1. Algebra & Functions > Quadratic Simultaneous Equations,10,0,5,0,10,0,2,0,NOT_STARTED,,,
Further Mathematics,aqa-l2-further-maths,SS1. Algebra & Functions,Simultaneous Equations with 3 Variables,simultaneous-equations-3-variables,aqa-l2-further-maths:simultaneous-equations-3-variables,SS1. Algebra & Functions > Simultaneous Equations with 3 Variables,10,0,5,0,10,0,2,0,NOT_STARTED,,,
Further Mathematics,aqa-l2-further-maths,SS1. Algebra & Functions,Linear Inequalities,linear-inequalities,aqa-l2-further-maths:linear-inequalities,SS1. Algebra & Functions > Linear Inequalities,10,0,5,0,10,0,2,0,NOT_STARTED,,,
Further Mathematics,aqa-l2-further-maths,SS1. Algebra & Functions,Quadratic Inequalities,quadratic-inequalities,aqa-l2-further-maths:quadratic-inequalities,SS1. Algebra & Functions > Quadratic Inequalities,10,0,5,0,10,0,2,0,NOT_STARTED,,,
Further Mathematics,aqa-l2-further-maths,SS1. Algebra & Functions,Functions Toolkit,functions-toolkit,aqa-l2-further-maths:functions-toolkit,SS1. Algebra & Functions > Functions Toolkit,10,0,5,0,10,0,2,0,NOT_STARTED,,,
Further Mathematics,aqa-l2-further-maths,SS1. Algebra & Functions,Composite & Inverse Functions,composite-inverse-functions,aqa-l2-further-maths:composite-inverse-functions,SS1. Algebra & Functions > Composite & Inverse Functions,10,0,5,0,10,0,2,0,NOT_STARTED,,,
Further Mathematics,aqa-l2-further-maths,SS1. Algebra & Functions,Finding nth Terms of Sequences,finding-nth-terms-of-sequences,aqa-l2-further-maths:finding-nth-terms-of-sequences,SS1. Algebra & Functions > Finding nth Terms of Sequences,10,0,5,0,10,0,2,0,NOT_STARTED,,,
Further Mathematics,aqa-l2-further-maths,SS1. Algebra & Functions,Using nth Terms of Sequences,using-nth-terms-of-sequences,aqa-l2-further-maths:using-nth-terms-of-sequences,SS1. Algebra & Functions > Using nth Terms of Sequences,10,0,5,0,10,0,2,0,NOT_STARTED,,,
Further Mathematics,aqa-l2-further-maths,SS1. Coordinate Geometry,Coordinate Geometry,coordinate-geometry,aqa-l2-further-maths:coordinate-geometry,SS1. Coordinate Geometry > Coordinate Geometry,10,0,5,0,10,0,2,0,NOT_STARTED,,,
Further Mathematics,aqa-l2-further-maths,SS1. Coordinate Geometry,Gradients,gradients,aqa-l2-further-maths:gradients,SS1. Coordinate Geometry > Gradients,10,0,5,0,10,0,2,0,NOT_STARTED,,,
Further Mathematics,aqa-l2-further-maths,SS1. Coordinate Geometry,Equation of a Straight Line,equation-of-a-straight-line,aqa-l2-further-maths:equation-of-a-straight-line,SS1. Coordinate Geometry > Equation of a Straight Line,10,0,5,0,10,0,2,0,NOT_STARTED,,,
Further Mathematics,aqa-l2-further-maths,SS1. Coordinate Geometry,Equation of a Circle,equation-of-a-circle,aqa-l2-further-maths:equation-of-a-circle,SS1. Coordinate Geometry > Equation of a Circle,10,0,5,0,10,0,2,0,NOT_STARTED,,,
Further Mathematics,aqa-l2-further-maths,SS1. Coordinate Geometry,Tangents to Circles,tangents-to-circles,aqa-l2-further-maths:tangents-to-circles,SS1. Coordinate Geometry > Tangents to Circles,10,0,5,0,10,0,2,0,NOT_STARTED,,,
Further Mathematics,aqa-l2-further-maths,SS1. Calculus,Definition of Gradient,definition-of-gradient,aqa-l2-further-maths:definition-of-gradient,SS1. Calculus > Definition of Gradient,10,0,5,0,10,0,2,0,NOT_STARTED,,,
Further Mathematics,aqa-l2-further-maths,SS1. Calculus,Differentiating Powers of x,differentiating-powers-of-x,aqa-l2-further-maths:differentiating-powers-of-x,SS1. Calculus > Differentiating Powers of x,10,0,5,0,10,0,2,0,NOT_STARTED,,,
Further Mathematics,aqa-l2-further-maths,SS1. Calculus,Tangents & Normals,tangents-normals,aqa-l2-further-maths:tangents-normals,SS1. Calculus > Tangents & Normals,10,0,5,0,10,0,2,0,NOT_STARTED,,,
Further Mathematics,aqa-l2-further-maths,SS1. Calculus,Increasing & Decreasing Functions,increasing-decreasing-functions,aqa-l2-further-maths:increasing-decreasing-functions,SS1. Calculus > Increasing & Decreasing Functions,10,0,5,0,10,0,2,0,NOT_STARTED,,,
Further Mathematics,aqa-l2-further-maths,SS1. Calculus,Second Derivatives,second-derivatives,aqa-l2-further-maths:second-derivatives,SS1. Calculus > Second Derivatives,10,0,5,0,10,0,2,0,NOT_STARTED,,,
Further Mathematics,aqa-l2-further-maths,SS1. Calculus,Stationary Points & Turning Points,stationary-points-turning-points,aqa-l2-further-maths:stationary-points-turning-points,SS1. Calculus > Stationary Points & Turning Points,10,0,5,0,10,0,2,0,NOT_STARTED,,,
Further Mathematics,aqa-l2-further-maths,SS1. Calculus,Modelling with Differentiation and Optimisation,modelling-differentiation-optimisation,aqa-l2-further-maths:modelling-differentiation-optimisation,SS1. Calculus > Modelling with Differentiation and Optimisation,10,0,5,0,10,0,2,0,NOT_STARTED,,,
Further Mathematics,aqa-l2-further-maths,SS1. Matrix Transformations,Introduction to Matrices,introduction-to-matrices,aqa-l2-further-maths:introduction-to-matrices,SS1. Matrix Transformations > Introduction to Matrices,10,0,5,0,10,0,2,0,NOT_STARTED,,,
Further Mathematics,aqa-l2-further-maths,SS1. Matrix Transformations,Multiplying Matrices,multiplying-matrices,aqa-l2-further-maths:multiplying-matrices,SS1. Matrix Transformations > Multiplying Matrices,10,0,5,0,10,0,2,0,NOT_STARTED,,,
Further Mathematics,aqa-l2-further-maths,SS1. Matrix Transformations,Transformations with Matrices,transformations-with-matrices,aqa-l2-further-maths:transformations-with-matrices,SS1. Matrix Transformations > Transformations with Matrices,10,0,5,0,10,0,2,0,NOT_STARTED,,,
Further Mathematics,aqa-l2-further-maths,SS1. Matrix Transformations,Combining Matrix Transformations,combining-matrix-transformations,aqa-l2-further-maths:combining-matrix-transformations,SS1. Matrix Transformations > Combining Matrix Transformations,10,0,5,0,10,0,2,0,NOT_STARTED,,,
Further Mathematics,aqa-l2-further-maths,SS1. Geometry,Geometric Proof,geometric-proof,aqa-l2-further-maths:geometric-proof,SS1. Geometry > Geometric Proof,10,0,5,0,10,0,2,0,NOT_STARTED,,,
Further Mathematics,aqa-l2-further-maths,SS1. Geometry,Right-Angled Trigonometry,right-angled-trigonometry,aqa-l2-further-maths:right-angled-trigonometry,SS1. Geometry > Right-Angled Trigonometry,10,0,5,0,10,0,2,0,NOT_STARTED,,,
Further Mathematics,aqa-l2-further-maths,SS1. Geometry,"Sine, Cosine Rule & Area of Triangles",,sine-cosine-rule-area-of-triangles,aqa-l2-further-maths:sine-cosine-rule-area-of-triangles,10,0,5,0,10,0,2,0,NOT_STARTED,,,
Further Mathematics,aqa-l2-further-maths,SS1. Geometry,3D Pythagoras & Trigonometry,3d-pythagoras-trigonometry,aqa-l2-further-maths:3d-pythagoras-trigonometry,SS1. Geometry > 3D Pythagoras & Trigonometry,10,0,5,0,10,0,2,0,NOT_STARTED,,,
Further Mathematics,aqa-l2-further-maths,SS1. Geometry,Trigonometric Graphs,trigonometric-graphs,aqa-l2-further-maths:trigonometric-graphs,SS1. Geometry > Trigonometric Graphs,10,0,5,0,10,0,2,0,NOT_STARTED,,,
Further Mathematics,aqa-l2-further-maths,SS1. Geometry,Trigonometric Identities,trigonometric-identities,aqa-l2-further-maths:trigonometric-identities,SS1. Geometry > Trigonometric Identities,10,0,5,0,10,0,2,0,NOT_STARTED,,,
Further Mathematics,aqa-l2-further-maths,SS1. Geometry,Solving Trig Equations,solving-trig-equations,aqa-l2-further-maths:solving-trig-equations,SS1. Geometry > Solving Trig Equations,10,0,5,0,10,0,2,0,NOT_STARTED,,,